Shipment_ID,Origin_Warehouse,Destination,Carrier,Shipment_Date,Shipment_month,Delivery_Date,Delivery_month,Weight_kg,Cost,Status,Distance_miles,Transit_Days,Invalid dates,,,
SH10182,Warehouse_SEA,Portland,Amazon Logistics,2023-01-01,Jan 2023,2023-01-10,Jan 2023,22.80,319.99,Delivered,2327,9,valid,,,
SH10316,Warehouse_CHI,Denver,USPS,2023-01-01,Jan 2023,2023-01-07,Jan 2023,23.80,128.01,Delivered,1000,6,valid,,,
SH11294,Warehouse_CHI,Minneapolis,LaserShip,2023-01-01,Jan 2023,2023-01-03,Jan 2023,19.70,106.66,Delivered,784,2,valid,,,
SH11352,Warehouse_BOS,Los Angeles,USPS,2023-01-01,Jan 2023,2023-01-06,Jan 2023,10.70,246.62,In Transit,2185,5,valid,,,
SH11101,Warehouse_CHI,Miami,OnTrac,2023-01-02,Jan 2023,2023-01-20,Jan 2023,57.40,222.36,Delayed,1350,5,valid,, ,
SH10497,Warehouse_MIA,Denver,FedEx,2023-01-02,Jan 2023,2023-01-03,Jan 2023,22.10,69.52,Delivered,309,1,valid,,,
SH10683,Warehouse_LA,Dallas,Amazon Logistics,2023-01-02,Jan 2023,2023-01-05,Jan 2023,52.30,222.33,Delivered,1435,3,valid,, ,
SH11295,Warehouse_ATL,Houston,USPS,2023-01-02,Jan 2023,2023-01-05,Jan 2023,31.80,134.96,Delivered,786,3,valid,,,
SH11302,Warehouse_BOS,New York,DHL,2023-01-02,Jan 2023,2023-01-06,Jan 2023,41.80,254.48,Delivered,1261,4,valid,,, 
SH11331,Warehouse_NYC,Houston,FedEx,2023-01-02,Jan 2023,2023-01-07,Jan 2023,17.80,196.28,Delivered,1322,5,valid,,,
SH11552,Warehouse_SEA,Boston,OnTrac,2023-01-03,Jan 2023,,,184.30,497.31,Delayed,1941,7,invalid,,,
SH10134,Warehouse_SF,Portland,LaserShip,2023-01-03,Jan 2023,2023-01-10,Jan 2023,24.40,313.23,Delivered,2314,7,valid,, ,
SH11452,Warehouse_NYC,San Francisco,UPS,2023-01-03,Jan 2023,2023-01-08,Jan 2023,9.80,223.01,Delivered,1553,5,valid,,,
SH11877,Warehouse_LA,Seattle,UPS,2023-01-03,Jan 2023,2023-01-08,Jan 2023,16.80,174.76,Delivered,1135,5,valid,,,
SH11965,Warehouse_CHI,Houston,USPS,2023-01-03,Jan 2023,2023-01-10,Jan 2023,19.20,300.32,Delivered,2300,7,valid,,,
SH10452,Warehouse_BOS,San Francisco,LaserShip,2023-01-04,Jan 2023,2023-01-21,Jan 2023,18.00,271.68,Delayed,2067,5,valid,,,
SH10720,Warehouse_SEA,Chicago,DHL,2023-01-04,Jan 2023,2023-01-10,Jan 2023,19.00,117.94,Delayed,593,5,valid,,,
SH10273,Warehouse_CHI,Miami,LaserShip,2023-01-04,Jan 2023,2023-01-08,Jan 2023,26.50,,Delivered,1350,4,valid,,,
SH10423,Warehouse_SF,Boston,Amazon Logistics,2023-01-04,Jan 2023,2023-01-11,Jan 2023,14.60,188.17,Delivered,1324,7,valid,,,
SH10700,Warehouse_ATL,Seattle,LaserShip,2023-01-04,Jan 2023,2023-01-07,Jan 2023,14.50,83.98,Delivered,530,3,valid,,,
SH10909,Warehouse_SF,Dallas,LaserShip,2023-01-04,Jan 2023,2023-01-12,Jan 2023,32.00,327.10,Delivered,2355,8,valid,,,
SH11065,Warehouse_LA,Atlanta,DHL,2023-01-04,Jan 2023,2023-01-09,Jan 2023,55.90,321.41,Delivered,1931,5,valid,,,
SH11399,Warehouse_DEN,San Francisco,UPS,2023-01-04,Jan 2023,2023-01-07,Jan 2023,10.50,161.38,Delivered,1148,3,valid,,,
SH10174,Warehouse_LA,Houston,FedEx,2023-01-05,Jan 2023,2023-01-23,Jan 2023,11.50,244.22,Delayed,1814,8,valid,,,
SH10116,Warehouse_BOS,Houston,FedEx,2023-01-05,Jan 2023,2023-01-12,Jan 2023,18.80,249.35,Delivered,1744,7,valid,,,
SH11437,Warehouse_BOS,Boston,USPS,2023-01-05,Jan 2023,2023-01-09,Jan 2023,111.00,301.20,Delivered,1782,4,valid,,,
SH11632,Warehouse_SF,Chicago,OnTrac,2023-01-05,Jan 2023,2023-01-10,Jan 2023,14.00,151.05,Delivered,1077,5,valid,,,
SH10628,Warehouse_LA,Miami,USPS,2023-01-05,Jan 2023,2023-01-08,Jan 2023,27.10,133.42,Lost,836,3,valid,,,
SH10142,Warehouse_NYC,Chicago,OnTrac,2023-01-06,Jan 2023,2023-01-09,Jan 2023,38.90,137.82,Delivered,790,3,valid,,,
SH11357,Warehouse_CHI,Minneapolis,LaserShip,2023-01-06,Jan 2023,2023-01-12,Jan 2023,5.70,29.11,Delivered,2368,6,valid,,,
SH11530,Warehouse_HOU,Houston,OnTrac,2023-01-06,Jan 2023,2023-01-08,Jan 2023,13.40,62.54,Delivered,379,2,valid,,,
SH11870,Warehouse_DEN,Houston,OnTrac,2023-01-06,Jan 2023,2023-01-10,Jan 2023,119.70,390.46,Delivered,1834,4,valid,,,
SH11832,Warehouse_SF,Dallas,Amazon Logistics,2023-01-06,Jan 2023,2023-01-08,Jan 2023,26.20,48.64,Lost,116,2,valid,,,
SH10049,Warehouse_MIA,Boston,UPS,2023-01-07,Jan 2023,2023-01-11,Jan 2023,84.10,251.24,Delivered,1010,4,valid,,,
SH10655,Warehouse_HOU,Miami,UPS,2023-01-07,Jan 2023,2023-01-12,Jan 2023,6.60,261.19,Delivered,1832,5,valid,,,
SH10666,Warehouse_DEN,Houston,OnTrac,2023-01-07,Jan 2023,2023-01-12,Jan 2023,9.70,260.86,Delivered,1937,5,valid,,,
SH10510,Warehouse_SF,Phoenix,USPS,2023-01-08,Jan 2023,2023-01-20,Jan 2023,19.80,263.66,Delayed,2186,6,valid,,,
SH10481,Warehouse_SF,New York,Amazon Logistics,2023-01-08,Jan 2023,2023-01-12,Jan 2023,7.70,170.97,Delivered,1468,4,valid,,,
SH10542,Warehouse_MIA,Atlanta,Amazon Logistics,2023-01-08,Jan 2023,2023-01-11,Jan 2023,42.80,,Delivered,900,3,valid,,,
SH10724,Warehouse_CHI,San Francisco,USPS,2023-01-08,Jan 2023,2023-01-10,Jan 2023,14.40,34.45,Delivered,140,2,valid,,,
SH10846,Warehouse_HOU,Dallas,OnTrac,2023-01-08,Jan 2023,2023-01-11,Jan 2023,63.50,192.27,Delivered,1118,3,valid,,,
SH10920,Warehouse_DEN,Seattle,UPS,2023-01-08,Jan 2023,2023-01-12,Jan 2023,17.60,242.22,Delivered,1577,4,valid,,,
SH11109,Warehouse_LA,Dallas,DHL,2023-01-08,Jan 2023,2023-01-11,Jan 2023,11.80,193.89,Delivered,1435,3,valid,,,
SH11187,Warehouse_MIA,Detroit,DHL,2023-01-08,Jan 2023,2023-01-11,Jan 2023,13.50,116.78,In Transit,702,3,valid,,,
SH11275,Warehouse_LA,Chicago,FedEx,2023-01-08,Jan 2023,2023-01-10,Jan 2023,48.30,146.26,In Transit,545,2,valid,,,
SH11348,Warehouse_LA,Phoenix,UPS,2023-01-09,Jan 2023,2023-01-13,Jan 2023,13.00,59.81,Delivered,373,4,valid,,,
SH10337,Warehouse_SEA,Atlanta,UPS,2023-01-10,Jan 2023,2023-01-14,Jan 2023,45.30,240.32,Delivered,1324,4,valid,,,
SH11556,Warehouse_DEN,Miami,Amazon Logistics,2023-01-10,Jan 2023,2023-01-14,Jan 2023,6.70,54.04,Delivered,392,4,valid,,,
SH10322,Warehouse_LA,Phoenix,Amazon Logistics,2023-01-11,Jan 2023,2023-01-17,Jan 2023,22.60,76.63,Delayed,373,5,valid,,,
SH10264,Warehouse_LA,Dallas,UPS,2023-01-11,Jan 2023,2023-01-15,Jan 2023,10.90,191.54,Delivered,1435,4,valid,,,
SH10265,Warehouse_SF,Detroit,USPS,2023-01-11,Jan 2023,2023-01-14,Jan 2023,35.30,102.36,Delivered,533,3,valid,,,
SH11097,Warehouse_HOU,Portland,FedEx,2023-01-11,Jan 2023,2023-01-17,Jan 2023,90.30,248.01,Delivered,1076,6,valid,,,
SH11146,Warehouse_DEN,Los Angeles,LaserShip,2023-01-11,Jan 2023,2023-01-12,Jan 2023,6.60,39.88,Delivered,265,1,valid,,,
SH11233,Warehouse_ATL,Seattle,USPS,2023-01-11,Jan 2023,2023-01-12,Jan 2023,36.20,,Delivered,101,1,valid,,,
SH11439,Warehouse_CHI,Portland,LaserShip,2023-01-11,Jan 2023,2023-01-17,Jan 2023,24.20,314.11,Delivered,2469,6,valid,,,
SH10340,Warehouse_ATL,Phoenix,UPS,2023-01-12,Jan 2023,2023-01-21,Jan 2023,8.40,280.39,Delivered,2388,9,valid,,,
SH10548,Warehouse_CHI,Portland,FedEx,2023-01-12,Jan 2023,2023-01-14,Jan 2023,20.80,74.77,Delivered,389,2,valid,,,
SH11592,Warehouse_BOS,Los Angeles,UPS,2023-01-12,Jan 2023,2023-01-17,Jan 2023,31.70,195.68,Delivered,1114,5,valid,,,
SH11593,Warehouse_NYC,Dallas,USPS,2023-01-12,Jan 2023,2023-01-15,Jan 2023,16.30,105.67,Delivered,759,3,valid,,,
SH11905,Warehouse_SEA,Detroit,LaserShip,2023-01-12,Jan 2023,2023-01-18,Jan 2023,44.30,311.30,Delivered,2041,6,valid,,,
SH10733,Warehouse_DEN,Los Angeles,OnTrac,2023-01-13,Jan 2023,2023-01-15,Jan 2023,12.00,95.74,Delivered,607,2,valid,,,
SH10968,Warehouse_SEA,Denver,UPS,2023-01-13,Jan 2023,2023-01-17,Jan 2023,27.50,272.07,Delivered,1875,4,valid,,,
SH11293,Warehouse_ATL,Dallas,USPS,2023-01-13,Jan 2023,2023-01-18,Jan 2023,25.40,245.02,Delivered,2110,5,valid,,,
SH11342,Warehouse_BOS,Minneapolis,Amazon Logistics,2023-01-13,Jan 2023,2023-01-19,Jan 2023,27.90,311.69,Delivered,2297,6,valid,,,
SH10103,Warehouse_BOS,New York,Amazon Logistics,2023-01-14,Jan 2023,2023-01-25,Jan 2023,6.30,283.56,Delivered,2366,11,valid,,,
SH10690,Warehouse_BOS,Dallas,DHL,2023-01-14,Jan 2023,2023-01-18,Jan 2023,9.60,243.91,Delivered,1854,4,valid,,,
SH10765,Warehouse_BOS,Houston,LaserShip,2023-01-14,Jan 2023,2023-01-16,Jan 2023,39.60,90.47,Delivered,307,2,valid,,,
SH11053,Warehouse_DEN,Atlanta,LaserShip,2023-01-14,Jan 2023,2023-01-15,Jan 2023,14.40,50.76,Delivered,253,1,valid,,,
SH11863,Warehouse_LA,Chicago,OnTrac,2023-01-14,Jan 2023,2023-01-18,Jan 2023,16.10,105.58,Delivered,664,4,valid,,,
SH11604,Warehouse_SEA,Miami,USPS,2023-01-14,Jan 2023,2023-01-18,Jan 2023,20.60,181.01,In Transit,1523,4,valid,,,
SH10253,Warehouse_ATL,Denver,LaserShip,2023-01-15,Jan 2023,2023-01-17,Jan 2023,24.80,110.65,Delivered,677,2,valid,,,
SH10692,Warehouse_MIA,Dallas,USPS,2023-01-15,Jan 2023,2023-01-19,Jan 2023,14.50,230.05,Delivered,1753,4,valid,,,
SH11240,Warehouse_ATL,Denver,DHL,2023-01-15,Jan 2023,2023-01-21,Jan 2023,10.30,310.05,Delivered,2006,6,valid,,,
SH11306,Warehouse_ATL,Atlanta,UPS,2023-01-15,Jan 2023,2023-01-20,Jan 2023,8.30,275.36,Delivered,1965,5,valid,,,
SH11844,Warehouse_NYC,Dallas,Amazon Logistics,2023-01-15,Jan 2023,2023-01-21,Jan 2023,27.40,,Delivered,1518,6,valid,,,
SH11845,Warehouse_NYC,San Francisco,Amazon Logistics,2023-01-15,Jan 2023,2023-01-19,Jan 2023,17.30,73.25,In Transit,489,4,valid,,,
SH11907,Warehouse_DEN,Portland,LaserShip,2023-01-15,Jan 2023,2023-01-22,Jan 2023,8.80,210.56,Lost,1852,7,valid,,,
SH10019,Warehouse_MIA,Portland,DHL,2023-01-16,Jan 2023,2023-01-21,Jan 2023,51.20,290.72,Delivered,1660,5,valid,,,
SH10767,Warehouse_LA,Dallas,FedEx,2023-01-16,Jan 2023,2023-01-21,Jan 2023,48.50,261.64,Delivered,1435,5,valid,,,
SH10828,Warehouse_HOU,Atlanta,USPS,2023-01-16,Jan 2023,2023-01-18,Jan 2023,38.40,125.03,Delivered,800,2,valid,,,
SH11001,Warehouse_BOS,Detroit,USPS,2023-01-16,Jan 2023,2023-01-19,Jan 2023,50.50,116.20,Delivered,493,3,valid,,,
SH11568,Warehouse_SF,Atlanta,DHL,2023-01-16,Jan 2023,2023-01-21,Jan 2023,4.60,291.01,Delivered,2171,5,valid,,,
SH11578,Warehouse_ATL,Atlanta,FedEx,2023-01-16,Jan 2023,2023-01-19,Jan 2023,8.10,171.35,Returned,1305,3,valid,,,
SH10047,Warehouse_SF,Dallas,USPS,2023-01-17,Jan 2023,2023-01-20,Jan 2023,25.40,127.22,Delivered,816,3,valid,,,
SH11058,Warehouse_DEN,Denver,OnTrac,2023-01-17,Jan 2023,2023-01-21,Jan 2023,20.70,179.54,Delivered,1413,4,valid,,,
SH11273,Warehouse_HOU,Los Angeles,LaserShip,2023-01-17,Jan 2023,2023-01-20,Jan 2023,12.00,59.08,In Transit,376,3,valid,,,
SH10270,Warehouse_DEN,Phoenix,FedEx,2023-01-18,Jan 2023,2023-01-21,Jan 2023,4.90,27.41,Delivered,159,3,valid,,,
SH10418,Warehouse_ATL,Chicago,DHL,2023-01-18,Jan 2023,2023-01-25,Jan 2023,10.00,360.44,Delivered,2344,7,valid,,,
SH10455,Warehouse_SEA,Houston,USPS,2023-01-18,Jan 2023,2023-01-23,Jan 2023,16.30,87.95,Delivered,642,5,valid,,,
SH10698,Warehouse_SF,Atlanta,UPS,2023-01-18,Jan 2023,2023-01-20,Jan 2023,21.90,83.70,Delivered,472,2,valid,,,
SH10823,Warehouse_DEN,Minneapolis,DHL,2023-01-18,Jan 2023,2023-01-24,Jan 2023,50.20,326.57,Delivered,1802,6,valid,,,
SH11164,Warehouse_LA,Dallas,DHL,2023-01-18,Jan 2023,2023-01-21,Jan 2023,8.20,207.39,Delivered,1435,3,valid,,,
SH11210,Warehouse_CHI,Dallas,FedEx,2023-01-18,Jan 2023,2023-01-24,Jan 2023,30.00,343.66,Delivered,2379,6,valid,,,
SH11802,Warehouse_SF,San Francisco,FedEx,2023-01-18,Jan 2023,2023-01-24,Jan 2023,13.60,260.65,Delivered,2044,6,valid,,,
SH11988,Warehouse_LA,Atlanta,Amazon Logistics,2023-01-18,Jan 2023,2023-01-26,Jan 2023,78.20,392.00,Delivered,2309,8,valid,,,
SH11995,Warehouse_BOS,San Francisco,FedEx,2023-01-18,Jan 2023,2023-01-23,Jan 2023,7.90,217.78,Delivered,1616,5,valid,,,
SH10009,Warehouse_SF,Detroit,LaserShip,2023-01-19,Jan 2023,2023-01-21,Jan 2023,27.70,55.24,Delivered,214,2,valid,,,
SH10483,Warehouse_SF,Houston,UPS,2023-01-19,Jan 2023,2023-01-23,Jan 2023,57.60,346.17,Delivered,1950,4,valid,,,
SH10545,Warehouse_SF,Portland,FedEx,2023-01-19,Jan 2023,2023-01-23,Jan 2023,21.70,139.26,Delivered,896,4,valid,,,
SH11641,Warehouse_HOU,San Francisco,USPS,2023-01-19,Jan 2023,2023-01-26,Jan 2023,53.00,322.97,Delivered,2490,7,valid,,,
SH10342,Warehouse_LA,Atlanta,LaserShip,2023-01-20,Jan 2023,2023-01-29,Jan 2023,41.00,278.39,Delayed,2061,5,valid,,,
SH10581,Warehouse_MIA,Chicago,FedEx,2023-01-20,Jan 2023,2023-01-30,Jan 2023,11.90,287.05,Delivered,1896,10,valid,,,
SH10764,Warehouse_DEN,Portland,USPS,2023-01-20,Jan 2023,2023-01-25,Jan 2023,18.70,312.02,Delivered,2308,5,valid,,,
SH10799,Warehouse_CHI,Detroit,OnTrac,2023-01-20,Jan 2023,,,70.00,123.86,Delivered,283,3,invalid,,,
SH11071,Warehouse_DEN,Dallas,Amazon Logistics,2023-01-20,Jan 2023,2023-01-29,Jan 2023,10.30,310.92,Delivered,2349,9,valid,,,
SH11242,Warehouse_DEN,Houston,DHL,2023-01-20,Jan 2023,2023-01-22,Jan 2023,10.20,112.82,Delivered,751,2,valid,,,
SH10845,Warehouse_BOS,Miami,OnTrac,2023-01-20,Jan 2023,2023-01-23,Jan 2023,3.60,68.65,Returned,560,3,valid,,,
SH10180,Warehouse_DEN,Phoenix,Amazon Logistics,2023-01-21,Jan 2023,2023-01-22,Jan 2023,19.40,40.24,Delivered,152,1,valid,,,
SH10271,Warehouse_BOS,Chicago,FedEx,2023-01-21,Jan 2023,2023-01-26,Jan 2023,45.10,322.54,Delivered,2054,5,valid,,,
SH10453,Warehouse_NYC,Portland,OnTrac,2023-01-21,Jan 2023,2023-01-23,Jan 2023,45.00,124.14,Delivered,568,2,valid,,,
SH11148,Warehouse_LA,Dallas,FedEx,2023-01-21,Jan 2023,2023-01-25,Jan 2023,48.10,261.72,Delivered,1435,4,valid,,,
SH11427,Warehouse_CHI,Atlanta,DHL,2023-01-21,Jan 2023,2023-01-24,Jan 2023,19.80,117.68,Delivered,611,3,valid,,,
SH11783,Warehouse_SEA,San Francisco,DHL,2023-01-21,Jan 2023,2023-01-24,Jan 2023,12.60,201.27,Delivered,1462,3,valid,,,
SH10435,Warehouse_CHI,Phoenix,DHL,2023-01-22,Jan 2023,2023-01-25,Jan 2023,45.10,238.38,Delivered,1349,3,valid,,,
SH11061,Warehouse_SF,Dallas,UPS,2023-01-22,Jan 2023,2023-01-27,Jan 2023,10.30,237.92,Delivered,1737,5,valid,,,
SH11409,Warehouse_ATL,Minneapolis,LaserShip,2023-01-22,Jan 2023,2023-01-24,Jan 2023,5.50,70.39,Delivered,507,2,valid,,,
SH11374,Warehouse_MIA,Boston,USPS,2023-01-23,Jan 2023,2023-02-07,Feb 2023,14.90,220.29,Delayed,1859,5,valid,,,
SH10946,Warehouse_LA,Portland,UPS,2023-01-23,Jan 2023,2023-01-27,Jan 2023,45.40,172.09,Delivered,1050,4,valid,,,
SH10990,Warehouse_ATL,San Francisco,OnTrac,2023-01-23,Jan 2023,2023-01-26,Jan 2023,10.40,96.85,Delivered,762,3,valid,,,
SH11198,Warehouse_DEN,Chicago,USPS,2023-01-24,Jan 2023,2023-02-01,Feb 2023,58.90,257.07,Delivered,1762,8,valid,,,
SH11239,Warehouse_DEN,Dallas,LaserShip,2023-01-24,Jan 2023,2023-01-26,Jan 2023,25.90,66.72,Delivered,300,2,valid,,,
SH10747,Warehouse_ATL,Los Angeles,USPS,2023-01-25,Jan 2023,2023-01-27,Jan 2023,16.80,124.30,Delivered,1003,2,valid,,,
SH10923,Warehouse_MIA,Phoenix,OnTrac,2023-01-25,Jan 2023,2023-01-26,Jan 2023,71.10,114.32,Delivered,167,1,valid,,,
SH11118,Warehouse_ATL,Dallas,Amazon Logistics,2023-01-25,Jan 2023,2023-01-30,Jan 2023,44.60,209.38,Delivered,1333,5,valid,,,
SH11166,Warehouse_LA,Houston,USPS,2023-01-25,Jan 2023,2023-01-29,Jan 2023,53.60,196.98,Delivered,1047,4,valid,,,
SH11395,Warehouse_DEN,Chicago,LaserShip,2023-01-25,Jan 2023,2023-01-29,Jan 2023,11.00,98.73,Delivered,698,4,valid,,,
SH11956,Warehouse_DEN,Dallas,FedEx,2023-01-25,Jan 2023,2023-01-28,Jan 2023,26.50,181.68,Delivered,1116,3,valid,,,
SH11959,Warehouse_SEA,New York,USPS,2023-01-25,Jan 2023,2023-01-26,Jan 2023,6.10,38.31,Delivered,247,1,valid,,,
SH10016,Warehouse_CHI,Detroit,USPS,2023-01-25,Jan 2023,2023-01-26,Jan 2023,24.10,60.27,Lost,283,1,valid,,,
SH10873,Warehouse_SF,Seattle,Amazon Logistics,2023-01-26,Jan 2023,2023-02-01,Feb 2023,17.40,249.13,Delayed,1969,5,valid,,,
SH10003,Warehouse_BOS,Seattle,OnTrac,2023-01-26,Jan 2023,2023-02-04,Feb 2023,42.60,187.04,Delivered,1156,9,valid,,,
SH11559,Warehouse_SF,Dallas,OnTrac,2023-01-26,Jan 2023,2023-01-31,Jan 2023,20.70,254.82,Delivered,1956,5,valid,,,
SH11856,Warehouse_SEA,Portland,USPS,2023-01-27,Jan 2023,2023-02-08,Feb 2023,20.00,63.36,Delayed,379,2,valid,,,
SH10052,Warehouse_BOS,Chicago,Amazon Logistics,2023-01-27,Jan 2023,2023-02-01,Feb 2023,25.90,206.17,Delivered,1365,5,valid,,,
SH10392,Warehouse_SF,Boston,FedEx,2023-01-27,Jan 2023,2023-01-30,Jan 2023,110.90,283.94,Delivered,1032,3,valid,,,
SH11237,Warehouse_MIA,Detroit,USPS,2023-01-27,Jan 2023,2023-01-31,Jan 2023,10.60,107.50,Delivered,788,4,valid,,,
SH11250,Warehouse_LA,Portland,LaserShip,2023-01-27,Jan 2023,2023-01-28,Jan 2023,15.80,48.13,Delivered,250,1,valid,,,
SH11696,Warehouse_DEN,Portland,USPS,2023-01-27,Jan 2023,2023-01-29,Jan 2023,20.00,92.89,Delivered,606,2,valid,,,
SH11968,Warehouse_NYC,Seattle,LaserShip,2023-01-27,Jan 2023,2023-02-03,Feb 2023,73.20,294.41,Delivered,1577,7,valid,,,
SH10090,Warehouse_MIA,Chicago,OnTrac,2023-01-27,Jan 2023,2023-01-29,Jan 2023,10.80,83.32,Returned,530,2,valid,,,
SH10714,Warehouse_HOU,New York,LaserShip,2023-01-28,Jan 2023,2023-02-06,Feb 2023,66.50,345.16,Delayed,2301,7,valid,,,
SH10875,Warehouse_ATL,San Francisco,LaserShip,2023-01-28,Jan 2023,2023-02-02,Feb 2023,25.70,227.68,Delivered,1687,5,valid,,,
SH10955,Warehouse_MIA,Atlanta,DHL,2023-01-28,Jan 2023,2023-02-02,Feb 2023,5.10,236.05,Delivered,1773,5,valid,,,
SH11184,Warehouse_NYC,Denver,USPS,2023-01-28,Jan 2023,2023-01-29,Jan 2023,21.70,78.83,Delivered,461,1,valid,,,
SH11324,Warehouse_LA,Los Angeles,UPS,2023-01-28,Jan 2023,2023-01-31,Jan 2023,51.50,165.79,Delivered,926,3,valid,,,
SH11741,Warehouse_SF,Minneapolis,USPS,2023-01-28,Jan 2023,2023-02-04,Feb 2023,15.70,199.62,Delivered,1715,7,valid,,,
SH11440,Warehouse_SEA,Dallas,UPS,2023-01-28,Jan 2023,2023-01-29,Jan 2023,7.70,30.59,In Transit,166,1,valid,,,
SH10940,Warehouse_DEN,Minneapolis,FedEx,2023-01-29,Jan 2023,2023-02-07,Feb 2023,40.90,307.96,Delivered,1805,9,valid,,,
SH11354,Warehouse_HOU,Seattle,OnTrac,2023-01-29,Jan 2023,2023-01-30,Jan 2023,24.30,115.18,Delivered,663,1,valid,,,
SH11423,Warehouse_HOU,San Francisco,USPS,2023-01-29,Jan 2023,2023-01-31,Jan 2023,13.20,57.43,Delivered,377,2,valid,,,
SH11693,Warehouse_DEN,Houston,UPS,2023-01-29,Jan 2023,2023-02-03,Feb 2023,16.00,205.32,Delivered,1575,5,valid,,,
SH11911,Warehouse_CHI,Denver,FedEx,2023-01-29,Jan 2023,2023-02-02,Feb 2023,34.90,162.44,Delivered,1000,4,valid,,,
SH11922,Warehouse_MIA,Denver,OnTrac,2023-01-29,Jan 2023,2023-02-02,Feb 2023,35.60,107.89,Delivered,542,4,valid,,,
SH10333,Warehouse_NYC,Houston,OnTrac,2023-01-30,Jan 2023,2023-02-03,Feb 2023,22.70,218.75,Delivered,1541,4,valid,,,
SH11283,Warehouse_ATL,Minneapolis,FedEx,2023-01-30,Jan 2023,2023-02-03,Feb 2023,40.10,122.44,Delivered,454,4,valid,,,
SH11624,Warehouse_DEN,Miami,OnTrac,2023-01-30,Jan 2023,2023-02-03,Feb 2023,16.20,230.74,Delivered,1651,4,valid,,,
SH11651,Warehouse_DEN,New York,Amazon Logistics,2023-01-30,Jan 2023,2023-02-01,Feb 2023,16.20,106.95,Delivered,715,2,valid,,,
SH10199,Warehouse_HOU,San Francisco,OnTrac,2023-01-31,Jan 2023,2023-02-03,Feb 2023,20.10,169.98,Delivered,1108,3,valid,,,
SH10203,Warehouse_SF,Boston,DHL,2023-01-31,Jan 2023,2023-02-05,Feb 2023,61.10,350.67,Delivered,2138,5,valid,,,
SH10433,Warehouse_HOU,Minneapolis,DHL,2023-01-31,Jan 2023,2023-02-02,Feb 2023,16.80,118.63,Delivered,658,2,valid,,,
SH11267,Warehouse_LA,Portland,Amazon Logistics,2023-01-31,Jan 2023,2023-02-03,Feb 2023,9.60,153.95,Delivered,1168,3,valid,,,
SH11316,Warehouse_SEA,Chicago,USPS,2023-01-31,Jan 2023,2023-02-06,Feb 2023,34.60,280.53,Delivered,2109,6,valid,,,
SH11928,Warehouse_LA,Phoenix,LaserShip,2023-01-31,Jan 2023,2023-02-03,Feb 2023,20.50,75.98,Delivered,373,3,valid,,,
SH10519,Warehouse_LA,Phoenix,USPS,2023-02-01,Feb 2023,2023-02-09,Feb 2023,21.40,68.02,Delayed,373,3,valid,,,
SH11215,Warehouse_DEN,Dallas,LaserShip,2023-02-01,Feb 2023,2023-02-03,Feb 2023,17.50,66.25,Delivered,438,2,valid,,,
SH10785,Warehouse_ATL,Denver,LaserShip,2023-02-01,Feb 2023,2023-02-05,Feb 2023,34.00,193.60,Lost,1192,4,valid,,,
SH10112,Warehouse_HOU,Chicago,Amazon Logistics,2023-02-02,Feb 2023,2023-02-16,Feb 2023,7.60,41.42,Delayed,277,2,valid,,,
SH10010,Warehouse_MIA,Chicago,FedEx,2023-02-02,Feb 2023,2023-02-07,Feb 2023,7.10,251.53,Delivered,1736,5,valid,,,
SH10937,Warehouse_ATL,Denver,FedEx,2023-02-02,Feb 2023,2023-02-09,Feb 2023,11.80,306.43,Delivered,2442,7,valid,,,
SH11645,Warehouse_LA,Los Angeles,DHL,2023-02-02,Feb 2023,2023-02-08,Feb 2023,15.50,351.50,Delivered,2499,6,valid,,,
SH10527,Warehouse_LA,Phoenix,OnTrac,2023-02-03,Feb 2023,2023-02-06,Feb 2023,32.20,83.70,Delivered,373,3,valid,,,
SH10829,Warehouse_CHI,Detroit,OnTrac,2023-02-03,Feb 2023,2023-02-04,Feb 2023,,35.85,Delivered,283,1,valid,,,
SH11450,Warehouse_DEN,Miami,DHL,2023-02-03,Feb 2023,2023-02-11,Feb 2023,7.40,348.30,Delivered,2239,8,valid,,,
SH11462,Warehouse_SF,Phoenix,DHL,2023-02-03,Feb 2023,2023-02-10,Feb 2023,34.40,214.60,Delivered,1229,7,valid,,,
SH11627,Warehouse_NYC,Houston,DHL,2023-02-03,Feb 2023,2023-02-08,Feb 2023,7.40,252.34,Delivered,1879,5,valid,,,
SH11488,Warehouse_BOS,Phoenix,USPS,2023-02-03,Feb 2023,2023-02-04,Feb 2023,22.50,63.76,In Transit,289,1,valid,,,
SH11260,Warehouse_MIA,Chicago,UPS,2023-02-04,Feb 2023,2023-02-07,Feb 2023,13.10,195.45,Delivered,1331,3,valid,,,
SH11792,Warehouse_DEN,San Francisco,Amazon Logistics,2023-02-04,Feb 2023,2023-02-07,Feb 2023,17.90,54.51,Delivered,255,3,valid,,,
SH10143,Warehouse_LA,San Francisco,OnTrac,2023-02-05,Feb 2023,2023-02-12,Feb 2023,36.60,310.16,Delivered,2497,7,valid,,,
SH10326,Warehouse_CHI,Denver,Amazon Logistics,2023-02-05,Feb 2023,2023-02-09,Feb 2023,27.60,165.20,Delivered,1000,4,valid,,,
SH10585,Warehouse_HOU,Miami,LaserShip,2023-02-05,Feb 2023,2023-02-07,Feb 2023,14.60,107.88,Delivered,682,2,valid,,,
SH10702,Warehouse_CHI,Portland,OnTrac,2023-02-05,Feb 2023,2023-02-06,Feb 2023,14.10,33.49,Delivered,154,1,valid,,,
SH11966,Warehouse_HOU,Dallas,UPS,2023-02-05,Feb 2023,2023-02-11,Feb 2023,53.90,377.64,Delivered,2226,6,valid,,,
SH10493,Warehouse_HOU,Denver,FedEx,2023-02-06,Feb 2023,2023-02-10,Feb 2023,13.40,139.60,Delivered,1030,4,valid,,,
SH11163,Warehouse_DEN,Minneapolis,Amazon Logistics,2023-02-06,Feb 2023,2023-02-09,Feb 2023,94.10,117.26,Delivered,132,3,valid,,,
SH11913,Warehouse_NYC,Miami,LaserShip,2023-02-06,Feb 2023,2023-02-10,Feb 2023,49.00,265.52,Delivered,1875,4,valid,,,
SH10795,Warehouse_HOU,Chicago,DHL,2023-02-07,Feb 2023,2023-02-15,Feb 2023,77.70,,Delivered,2113,8,valid,,,
SH10954,Warehouse_BOS,Portland,Amazon Logistics,2023-02-07,Feb 2023,2023-02-09,Feb 2023,29.90,108.93,Delivered,576,2,valid,,,
SH11134,Warehouse_BOS,Atlanta,USPS,2023-02-07,Feb 2023,2023-02-11,Feb 2023,15.60,159.13,Delivered,1230,4,valid,,,
SH11485,Warehouse_SEA,San Francisco,UPS,2023-02-07,Feb 2023,2023-02-12,Feb 2023,11.30,199.25,Delivered,1332,5,valid,,,
SH11859,Warehouse_HOU,Atlanta,USPS,2023-02-07,Feb 2023,2023-02-11,Feb 2023,15.60,116.02,Delivered,800,4,valid,,,
SH10805,Warehouse_HOU,Chicago,UPS,2023-02-08,Feb 2023,2023-02-15,Feb 2023,40.10,104.23,Delayed,428,2,valid,,,
SH10609,Warehouse_MIA,Dallas,Amazon Logistics,2023-02-08,Feb 2023,2023-02-12,Feb 2023,19.70,254.01,Delivered,1858,4,valid,,,
SH11111,Warehouse_SEA,San Francisco,USPS,2023-02-08,Feb 2023,2023-02-10,Feb 2023,24.10,80.77,Delivered,531,2,valid,,,
SH11391,Warehouse_BOS,Atlanta,LaserShip,2023-02-08,Feb 2023,2023-02-11,Feb 2023,31.20,114.20,Delivered,559,3,valid,,,
SH11658,Warehouse_SEA,Miami,FedEx,2023-02-08,Feb 2023,2023-02-14,Feb 2023,27.20,375.67,Delivered,2462,6,valid,,,
SH11204,Warehouse_LA,Seattle,OnTrac,2023-02-09,Feb 2023,2023-02-20,Feb 2023,28.60,180.90,Delayed,1135,3,valid,,,
SH10431,Warehouse_HOU,New York,DHL,2023-02-09,Feb 2023,2023-02-12,Feb 2023,23.00,94.01,Delivered,462,3,valid,,,
SH10662,Warehouse_CHI,New York,OnTrac,2023-02-09,Feb 2023,2023-02-14,Feb 2023,5.90,199.78,Delivered,1678,5,valid,,,
SH11385,Warehouse_SF,Atlanta,OnTrac,2023-02-09,Feb 2023,2023-02-14,Feb 2023,25.80,276.98,Delivered,1911,5,valid,,,
SH11610,Warehouse_CHI,Boston,Amazon Logistics,2023-02-09,Feb 2023,2023-02-13,Feb 2023,33.40,160.62,Delivered,989,4,valid,,,
SH10137,Warehouse_DEN,Boston,Amazon Logistics,2023-02-10,Feb 2023,2023-02-14,Feb 2023,17.50,208.17,Delivered,1476,4,valid,,,
SH10358,Warehouse_SEA,Dallas,USPS,2023-02-10,Feb 2023,2023-02-13,Feb 2023,20.70,201.34,Delivered,1515,3,valid,,,
SH10377,Warehouse_BOS,Dallas,UPS,2023-02-10,Feb 2023,2023-02-15,Feb 2023,14.80,286.70,Delivered,2050,5,valid,,,
SH11269,Warehouse_CHI,Minneapolis,OnTrac,2023-02-10,Feb 2023,2023-02-12,Feb 2023,21.60,60.18,Delivered,267,2,valid,,,
SH10860,Warehouse_BOS,Dallas,UPS,2023-02-11,Feb 2023,2023-02-17,Feb 2023,26.80,317.70,Delivered,2274,6,valid,,,
SH10402,Warehouse_MIA,Boston,DHL,2023-02-12,Feb 2023,2023-03-04,Mar 2023,29.50,224.76,Delayed,1289,8,valid,,,
SH11186,Warehouse_LA,Houston,FedEx,2023-02-12,Feb 2023,,,22.10,301.23,Delayed,1879,5,invalid,,,
SH11323,Warehouse_SEA,Detroit,UPS,2023-02-12,Feb 2023,2023-02-27,Feb 2023,48.20,79.74,Delayed,205,2,valid,,,
SH10910,Warehouse_SF,Boston,Amazon Logistics,2023-02-12,Feb 2023,2023-02-17,Feb 2023,15.90,308.50,Delivered,2282,5,valid,,,
SH10997,Warehouse_HOU,New York,Amazon Logistics,2023-02-13,Feb 2023,2023-02-16,Feb 2023,11.60,99.14,Delivered,773,3,valid,,,
SH11683,Warehouse_SF,Seattle,UPS,2023-02-13,Feb 2023,2023-02-19,Feb 2023,12.50,119.12,Delivered,916,6,valid,,,
SH11990,Warehouse_HOU,Chicago,OnTrac,2023-02-13,Feb 2023,2023-02-18,Feb 2023,38.80,248.50,Delivered,1877,5,valid,,,
SH11997,Warehouse_HOU,Portland,LaserShip,2023-02-13,Feb 2023,2023-02-19,Feb 2023,11.40,250.32,Delivered,1912,6,valid,,,
SH10345,Warehouse_SEA,Detroit,USPS,2023-02-14,Feb 2023,,,47.60,135.78,Delayed,636,1,invalid,,,
SH10286,Warehouse_NYC,New York,DHL,2023-02-14,Feb 2023,2023-02-19,Feb 2023,27.20,334.23,Delivered,2033,5,valid,,,
SH11433,Warehouse_CHI,Atlanta,LaserShip,2023-02-14,Feb 2023,2023-02-18,Feb 2023,12.10,228.01,Returned,1865,4,valid,,,
SH10847,Warehouse_CHI,Detroit,FedEx,2023-02-15,Feb 2023,2023-02-16,Feb 2023,53.70,113.89,Delivered,283,1,valid,,,
SH11027,Warehouse_DEN,Dallas,OnTrac,2023-02-16,Feb 2023,2023-03-02,Mar 2023,8.50,228.43,Delayed,1754,4,valid,,,
SH10694,Warehouse_DEN,Denver,FedEx,2023-02-16,Feb 2023,2023-02-21,Feb 2023,108.40,397.96,Delivered,1964,5,valid,,,
SH10853,Warehouse_BOS,Chicago,USPS,2023-02-16,Feb 2023,2023-02-20,Feb 2023,11.50,215.48,Delivered,1702,4,valid,,,
SH11246,Warehouse_NYC,Chicago,OnTrac,2023-02-16,Feb 2023,2023-02-18,Feb 2023,10.80,105.44,Delivered,790,2,valid,,,
SH10245,Warehouse_MIA,Minneapolis,USPS,2023-02-17,Feb 2023,2023-02-20,Feb 2023,16.70,152.32,Delivered,1153,3,valid,,,
SH10459,Warehouse_SF,Detroit,DHL,2023-02-17,Feb 2023,2023-02-25,Feb 2023,11.80,283.34,Delivered,1837,8,valid,,,
SH10604,Warehouse_BOS,Boston,LaserShip,2023-02-17,Feb 2023,2023-02-21,Feb 2023,17.90,77.71,Delivered,484,4,valid,,,
SH10622,Warehouse_HOU,Chicago,OnTrac,2023-02-17,Feb 2023,2023-02-20,Feb 2023,34.20,73.58,Delivered,264,3,valid,,,
SH11213,Warehouse_CHI,Minneapolis,DHL,2023-02-18,Feb 2023,,,18.50,171.77,Delayed,1073,3,invalid,,,
SH11436,Warehouse_BOS,Minneapolis,DHL,2023-02-18,Feb 2023,2023-02-28,Feb 2023,19.10,70.45,Delayed,302,2,valid,,,
SH11847,Warehouse_MIA,Detroit,OnTrac,2023-02-18,Feb 2023,2023-02-28,Feb 2023,12.60,77.29,Delayed,464,3,valid,,,
SH10053,Warehouse_BOS,Dallas,UPS,2023-02-18,Feb 2023,2023-02-23,Feb 2023,26.60,277.97,Delivered,1847,5,valid,,,
SH10413,Warehouse_HOU,Atlanta,OnTrac,2023-02-18,Feb 2023,2023-02-20,Feb 2023,21.10,109.65,Delivered,800,2,valid,,,
SH10787,Warehouse_ATL,Houston,DHL,2023-02-18,Feb 2023,2023-02-21,Feb 2023,16.90,208.26,Delivered,1434,3,valid,,,
SH11208,Warehouse_DEN,Denver,UPS,2023-02-18,Feb 2023,2023-02-23,Feb 2023,6.50,158.31,Delivered,1109,5,valid,,,
SH11657,Warehouse_MIA,Minneapolis,DHL,2023-02-18,Feb 2023,2023-02-24,Feb 2023,8.90,296.47,Delivered,2222,6,valid,,,
SH11953,Warehouse_BOS,Los Angeles,OnTrac,2023-02-18,Feb 2023,2023-02-21,Feb 2023,30.00,143.34,Delivered,985,3,valid,,,
SH10486,Warehouse_DEN,Los Angeles,USPS,2023-02-18,Feb 2023,2023-02-20,Feb 2023,18.60,64.53,Lost,344,2,valid,,,
SH11754,Warehouse_SEA,Chicago,DHL,2023-02-18,Feb 2023,2023-02-20,Feb 2023,22.20,83.40,Returned,368,2,valid,,,
SH10190,Warehouse_BOS,San Francisco,USPS,2023-02-19,Feb 2023,2023-02-25,Feb 2023,4.50,277.56,Delivered,2411,6,valid,,,
SH10194,Warehouse_LA,Chicago,DHL,2023-02-19,Feb 2023,2023-02-24,Feb 2023,29.30,206.80,Delivered,1213,5,valid,,,
SH10468,Warehouse_LA,Dallas,USPS,2023-02-19,Feb 2023,2023-02-23,Feb 2023,45.30,195.45,Delivered,1435,4,valid,,,
SH10476,Warehouse_SEA,New York,Amazon Logistics,2023-02-19,Feb 2023,2023-02-23,Feb 2023,10.60,217.45,Delivered,1866,4,valid,,,
SH10962,Warehouse_CHI,Detroit,OnTrac,2023-02-19,Feb 2023,2023-02-22,Feb 2023,36.70,80.24,Delivered,283,3,valid,,,
SH11513,Warehouse_BOS,Miami,Amazon Logistics,2023-02-19,Feb 2023,2023-02-23,Feb 2023,48.50,220.96,Delivered,1396,4,valid,,,
SH11742,Warehouse_NYC,Detroit,OnTrac,2023-02-19,Feb 2023,2023-02-24,Feb 2023,55.00,282.54,Delivered,2033,5,valid,,,
SH11981,Warehouse_SF,New York,UPS,2023-02-19,Feb 2023,2023-02-21,Feb 2023,20.10,100.60,Delivered,596,2,valid,,,
SH11023,Warehouse_DEN,Atlanta,OnTrac,2023-02-20,Feb 2023,2023-02-23,Feb 2023,3.50,138.85,Delivered,1063,3,valid,,,
SH11046,Warehouse_LA,Houston,FedEx,2023-02-20,Feb 2023,2023-02-24,Feb 2023,20.30,232.45,Delivered,1505,4,valid,,,
SH11353,Warehouse_DEN,Seattle,OnTrac,2023-02-20,Feb 2023,2023-02-26,Feb 2023,25.10,298.55,Delivered,2095,6,valid,,,
SH11404,Warehouse_LA,Phoenix,Amazon Logistics,2023-02-20,Feb 2023,2023-02-22,Feb 2023,12.90,61.00,Delivered,373,2,valid,,,
SH11824,Warehouse_HOU,New York,USPS,2023-02-20,Feb 2023,2023-02-27,Feb 2023,89.40,267.14,Delivered,1548,7,valid,,,
SH10034,Warehouse_SEA,Denver,OnTrac,2023-02-21,Feb 2023,2023-02-23,Feb 2023,10.70,76.52,Delivered,528,2,valid,,,
SH10307,Warehouse_DEN,Minneapolis,LaserShip,2023-02-21,Feb 2023,2023-02-25,Feb 2023,17.20,133.74,Delivered,888,4,valid,,,
SH10426,Warehouse_SEA,Denver,FedEx,2023-02-21,Feb 2023,2023-02-27,Feb 2023,11.10,139.42,Delivered,1035,6,valid,,,
SH11137,Warehouse_SEA,Boston,LaserShip,2023-02-21,Feb 2023,2023-02-26,Feb 2023,15.10,223.50,Delivered,1689,5,valid,,,
SH11194,Warehouse_DEN,Phoenix,Amazon Logistics,2023-02-21,Feb 2023,2023-02-26,Feb 2023,8.30,181.52,Delivered,1457,5,valid,,,
SH11638,Warehouse_MIA,Atlanta,OnTrac,2023-02-21,Feb 2023,2023-02-24,Feb 2023,5.90,103.51,Delivered,746,3,valid,,,
SH10640,Warehouse_HOU,Minneapolis,UPS,2023-02-22,Feb 2023,,,27.70,129.49,Delivered,730,3,invalid,,,
SH10721,Warehouse_NYC,Phoenix,DHL,2023-02-22,Feb 2023,2023-02-27,Feb 2023,66.10,181.39,Delivered,796,5,valid,,,
SH10806,Warehouse_MIA,Chicago,Amazon Logistics,2023-02-22,Feb 2023,2023-02-28,Feb 2023,38.40,276.83,Delivered,1780,6,valid,,,
SH11019,Warehouse_MIA,Detroit,UPS,2023-02-22,Feb 2023,2023-02-27,Feb 2023,43.50,324.49,Delivered,2021,5,valid,,,
SH11175,Warehouse_SEA,Portland,USPS,2023-02-22,Feb 2023,2023-02-23,Feb 2023,21.60,64.62,Delivered,374,1,valid,,,
SH11261,Warehouse_NYC,Seattle,LaserShip,2023-02-22,Feb 2023,2023-02-25,Feb 2023,25.70,159.21,Delivered,1023,3,valid,,,
SH11649,Warehouse_ATL,Phoenix,FedEx,2023-02-22,Feb 2023,2023-02-27,Feb 2023,27.40,336.51,Delivered,2166,5,valid,,,
SH11852,Warehouse_SF,Atlanta,Amazon Logistics,2023-02-23,Feb 2023,2023-03-02,Mar 2023,6.60,81.82,Delayed,613,5,valid,,,
SH10051,Warehouse_SEA,Minneapolis,USPS,2023-02-23,Feb 2023,2023-02-28,Feb 2023,19.60,156.03,Delivered,1267,5,valid,,,
SH10713,Warehouse_SEA,Denver,UPS,2023-02-23,Feb 2023,2023-02-27,Feb 2023,24.10,148.09,Delivered,1000,4,valid,,,
SH11328,Warehouse_BOS,Seattle,OnTrac,2023-02-23,Feb 2023,2023-03-02,Mar 2023,13.20,300.36,Delivered,2207,7,valid,,,
SH11819,Warehouse_BOS,Denver,DHL,2023-02-23,Feb 2023,2023-03-01,Mar 2023,35.30,314.52,Delivered,1724,6,valid,,,
SH10360,Warehouse_MIA,Phoenix,UPS,2023-02-24,Feb 2023,2023-03-04,Mar 2023,10.60,78.78,Delayed,517,2,valid,,,
SH10562,Warehouse_CHI,San Francisco,LaserShip,2023-02-24,Feb 2023,2023-02-27,Feb 2023,67.50,220.77,Delivered,1083,3,valid,,,
SH10738,Warehouse_DEN,Phoenix,FedEx,2023-02-24,Feb 2023,2023-03-01,Mar 2023,32.00,340.57,Delivered,2208,5,valid,,,
SH10779,Warehouse_ATL,Portland,USPS,2023-02-24,Feb 2023,2023-02-27,Feb 2023,103.40,226.95,Delivered,779,3,valid,,,
SH10834,Warehouse_BOS,Detroit,USPS,2023-02-25,Feb 2023,2023-02-27,Feb 2023,12.20,70.06,Delivered,489,2,valid,,,
SH10888,Warehouse_CHI,Atlanta,USPS,2023-02-25,Feb 2023,2023-03-04,Mar 2023,13.50,246.00,Delivered,2106,7,valid,,,
SH11218,Warehouse_BOS,Phoenix,FedEx,2023-02-25,Feb 2023,2023-02-27,Feb 2023,36.80,78.75,Delivered,196,2,valid,,,
SH11358,Warehouse_BOS,Chicago,USPS,2023-02-25,Feb 2023,2023-03-03,Mar 2023,29.30,277.17,Delivered,1989,6,valid,,,
SH11699,Warehouse_CHI,Portland,LaserShip,2023-02-25,Feb 2023,2023-03-02,Mar 2023,69.70,267.92,Delivered,1580,5,valid,,,
SH11957,Warehouse_MIA,Chicago,DHL,2023-02-25,Feb 2023,2023-02-28,Feb 2023,9.80,157.80,Delivered,992,3,valid,,,
SH10250,Warehouse_NYC,Portland,Amazon Logistics,2023-02-26,Feb 2023,,,5.50,259.45,Delivered,2132,7,invalid,,,
SH10600,Warehouse_SF,Houston,FedEx,2023-02-26,Feb 2023,2023-03-02,Mar 2023,45.70,247.43,Delivered,1612,4,valid,,,
SH11114,Warehouse_CHI,Los Angeles,Amazon Logistics,2023-02-26,Feb 2023,2023-03-07,Mar 2023,26.20,282.94,Delivered,2291,9,valid,,,
SH11765,Warehouse_CHI,Chicago,UPS,2023-02-26,Feb 2023,2023-02-28,Feb 2023,122.70,288.29,Delivered,962,2,valid,,,
SH11945,Warehouse_SF,Chicago,LaserShip,2023-02-26,Feb 2023,2023-03-02,Mar 2023,9.10,210.06,Delivered,1754,4,valid,,,
SH11249,Warehouse_SF,Minneapolis,FedEx,2023-02-26,Feb 2023,2023-03-01,Mar 2023,21.40,136.39,In Transit,799,3,valid,,,
SH11188,Warehouse_HOU,Denver,LaserShip,2023-02-26,Feb 2023,,,45.00,182.33,Returned,1030,3,invalid,,,
SH11841,Warehouse_ATL,Dallas,DHL,2023-02-27,Feb 2023,2023-03-17,Mar 2023,25.00,381.58,Delayed,2462,5,valid,,,
SH10007,Warehouse_CHI,Portland,Amazon Logistics,2023-02-27,Feb 2023,2023-03-08,Mar 2023,16.70,281.23,Delivered,2013,9,valid,,,
SH10074,Warehouse_MIA,Phoenix,UPS,2023-02-27,Feb 2023,2023-03-02,Mar 2023,93.00,221.01,Delivered,757,3,valid,,,
SH10306,Warehouse_CHI,Portland,LaserShip,2023-02-27,Feb 2023,2023-02-28,Feb 2023,30.20,71.67,Delivered,290,1,valid,,,
SH10462,Warehouse_SEA,Minneapolis,USPS,2023-02-27,Feb 2023,2023-03-05,Mar 2023,31.30,308.28,Delivered,2454,6,valid,,,
SH10855,Warehouse_HOU,Seattle,Amazon Logistics,2023-02-27,Feb 2023,2023-03-05,Mar 2023,12.90,311.31,Delivered,2323,6,valid,,,
SH11670,Warehouse_LA,Phoenix,Amazon Logistics,2023-02-27,Feb 2023,2023-03-01,Mar 2023,32.60,89.42,Delivered,373,2,valid,,,
SH11709,Warehouse_LA,Seattle,UPS,2023-02-27,Feb 2023,2023-03-02,Mar 2023,7.20,137.16,Delivered,1135,3,valid,,,
SH10254,Warehouse_BOS,Portland,LaserShip,2023-02-27,Feb 2023,2023-03-05,Mar 2023,11.20,324.52,In Transit,2379,6,valid,,,
SH11138,Warehouse_CHI,Denver,USPS,2023-02-27,Feb 2023,2023-03-03,Mar 2023,26.10,147.22,In Transit,1000,4,valid,,,
SH10699,Warehouse_HOU,Dallas,UPS,2023-02-28,Feb 2023,2023-03-05,Mar 2023,78.20,195.05,Delayed,860,3,valid,,,
SH11647,Warehouse_CHI,Houston,DHL,2023-02-28,Feb 2023,2023-03-07,Mar 2023,39.90,36.45,Delayed,2190,6,valid,,,
SH10247,Warehouse_LA,New York,LaserShip,2023-02-28,Feb 2023,2023-03-05,Mar 2023,3.60,230.21,Delivered,2074,5,valid,,,
SH10257,Warehouse_MIA,Dallas,FedEx,2023-02-28,Feb 2023,2023-03-01,Mar 2023,27.10,79.46,Delivered,338,1,valid,,,
SH10684,Warehouse_HOU,Detroit,DHL,2023-02-28,Feb 2023,2023-03-01,Mar 2023,14.60,58.01,Delivered,265,1,valid,,,
SH10731,Warehouse_LA,Los Angeles,DHL,2023-02-28,Feb 2023,2023-03-02,Mar 2023,48.50,84.38,Delivered,159,2,valid,,,
SH11952,Warehouse_CHI,New York,USPS,2023-02-28,Feb 2023,2023-03-03,Mar 2023,39.00,112.83,Delivered,706,3,valid,,,
SH10230,Warehouse_BOS,Portland,Amazon Logistics,2023-03-01,Mar 2023,2023-03-06,Mar 2023,12.10,247.50,Delayed,1760,4,valid,,,
SH10533,Warehouse_ATL,Dallas,OnTrac,2023-03-01,Mar 2023,2023-03-06,Mar 2023,31.40,130.31,Delivered,838,5,valid,,,
SH10586,Warehouse_DEN,San Francisco,OnTrac,2023-03-01,Mar 2023,2023-03-07,Mar 2023,46.50,334.70,Delivered,2264,6,valid,,,
SH11702,Warehouse_CHI,Miami,Amazon Logistics,2023-03-01,Mar 2023,2023-03-07,Mar 2023,16.40,178.38,Delivered,1350,6,valid,,,
SH10191,Warehouse_SEA,Detroit,UPS,2023-03-02,Mar 2023,2023-03-10,Mar 2023,11.90,,Delivered,2481,8,valid,,,
SH10251,Warehouse_BOS,Chicago,Amazon Logistics,2023-03-02,Mar 2023,2023-03-05,Mar 2023,27.50,111.16,Delivered,569,3,valid,,,
SH11115,Warehouse_HOU,Atlanta,DHL,2023-03-02,Mar 2023,2023-03-07,Mar 2023,17.80,123.19,Delivered,800,5,valid,,,
SH11347,Warehouse_HOU,San Francisco,UPS,2023-03-02,Mar 2023,2023-03-07,Mar 2023,47.20,231.01,Delivered,1362,5,valid,,,
SH11791,Warehouse_ATL,New York,UPS,2023-03-02,Mar 2023,2023-03-05,Mar 2023,21.90,174.25,Delivered,1073,3,valid,,,
SH11908,Warehouse_CHI,Los Angeles,FedEx,2023-03-02,Mar 2023,2023-03-04,Mar 2023,10.50,33.67,Delivered,162,2,valid,,,
SH11123,Warehouse_MIA,Houston,UPS,2023-03-02,Mar 2023,2023-03-03,Mar 2023,14.00,50.83,In Transit,266,1,valid,,,
SH10093,Warehouse_MIA,Houston,UPS,2023-03-03,Mar 2023,2023-03-08,Mar 2023,32.90,337.04,Delivered,2233,5,valid,,,
SH10387,Warehouse_HOU,Los Angeles,UPS,2023-03-03,Mar 2023,2023-03-08,Mar 2023,24.40,326.92,Delivered,2330,5,valid,,,
SH10664,Warehouse_SF,Minneapolis,Amazon Logistics,2023-03-03,Mar 2023,2023-03-08,Mar 2023,9.70,230.69,Delivered,1667,5,valid,,,
SH10668,Warehouse_SEA,Miami,UPS,2023-03-03,Mar 2023,2023-03-08,Mar 2023,18.10,102.98,Delivered,663,5,valid,,,
SH10679,Warehouse_BOS,Miami,FedEx,2023-03-03,Mar 2023,2023-03-09,Mar 2023,6.50,297.79,Delivered,2185,6,valid,,,
SH11529,Warehouse_ATL,Chicago,DHL,2023-03-03,Mar 2023,2023-03-12,Mar 2023,21.20,312.87,Delivered,2181,9,valid,,,
SH11934,Warehouse_HOU,Detroit,LaserShip,2023-03-03,Mar 2023,2023-03-06,Mar 2023,9.90,161.25,Delivered,1163,3,valid,,,
SH11980,Warehouse_SF,Detroit,DHL,2023-03-03,Mar 2023,2023-03-09,Mar 2023,21.50,264.67,Delivered,1813,6,valid,,,
SH10534,Warehouse_ATL,Miami,OnTrac,2023-03-03,Mar 2023,2023-03-09,Mar 2023,13.30,236.71,In Transit,2025,6,valid,,,
SH10072,Warehouse_NYC,Los Angeles,LaserShip,2023-03-04,Mar 2023,2023-03-13,Mar 2023,10.80,225.74,Delayed,1727,6,valid,,,
SH10580,Warehouse_SEA,Portland,OnTrac,2023-03-04,Mar 2023,2023-03-08,Mar 2023,19.80,265.40,Delivered,1886,4,valid,,,
SH10950,Warehouse_SF,Dallas,LaserShip,2023-03-04,Mar 2023,2023-03-07,Mar 2023,14.90,148.00,Delivered,1154,3,valid,,,
SH11822,Warehouse_ATL,Boston,OnTrac,2023-03-04,Mar 2023,2023-03-10,Mar 2023,17.10,302.85,Delivered,2450,6,valid,,,
SH11878,Warehouse_BOS,Seattle,USPS,2023-03-04,Mar 2023,2023-03-08,Mar 2023,24.10,213.60,Delivered,1794,4,valid,,,
SH10296,Warehouse_SEA,Boston,LaserShip,2023-03-05,Mar 2023,2023-03-18,Mar 2023,23.70,82.89,Delayed,461,6,valid,,,
SH10395,Warehouse_SEA,Dallas,DHL,2023-03-05,Mar 2023,2023-03-17,Mar 2023,34.50,233.71,Delayed,1366,4,valid,,,
SH10830,Warehouse_HOU,Minneapolis,OnTrac,2023-03-05,Mar 2023,2023-03-06,Mar 2023,12.80,41.30,Delivered,205,1,valid,,,
SH11288,Warehouse_ATL,Atlanta,UPS,2023-03-05,Mar 2023,2023-03-08,Mar 2023,29.40,124.10,Delivered,796,3,valid,,,
SH10121,Warehouse_CHI,Houston,FedEx,2023-03-06,Mar 2023,2023-03-11,Mar 2023,25.10,165.41,Delivered,973,5,valid,,,
SH10282,Warehouse_DEN,Los Angeles,Amazon Logistics,2023-03-06,Mar 2023,2023-03-10,Mar 2023,4.60,230.19,Delivered,1778,4,valid,,,
SH10451,Warehouse_SEA,Seattle,OnTrac,2023-03-06,Mar 2023,2023-03-14,Mar 2023,8.30,274.13,Delivered,2418,8,valid,,,
SH10927,Warehouse_DEN,San Francisco,Amazon Logistics,2023-03-06,Mar 2023,2023-03-09,Mar 2023,9.40,84.83,Delivered,563,3,valid,,,
SH11142,Warehouse_SEA,San Francisco,FedEx,2023-03-06,Mar 2023,2023-03-09,Mar 2023,51.10,221.01,Delivered,1170,3,valid,,,
SH11290,Warehouse_CHI,Denver,FedEx,2023-03-06,Mar 2023,2023-03-09,Mar 2023,10.90,138.79,Delivered,1000,3,valid,,,
SH11501,Warehouse_BOS,Atlanta,UPS,2023-03-06,Mar 2023,2023-03-11,Mar 2023,26.20,212.17,Delivered,1541,5,valid,,,
SH11007,Warehouse_DEN,Minneapolis,FedEx,2023-03-07,Mar 2023,2023-03-19,Mar 2023,5.40,184.97,Delayed,1364,6,valid,,,
SH11479,Warehouse_SF,New York,LaserShip,2023-03-07,Mar 2023,2023-03-20,Mar 2023,30.10,101.62,Delayed,615,2,valid,,,
SH10156,Warehouse_LA,New York,FedEx,2023-03-07,Mar 2023,2023-03-12,Mar 2023,54.90,332.76,Delivered,2244,5,valid,,,
SH10485,Warehouse_MIA,Chicago,LaserShip,2023-03-07,Mar 2023,2023-03-10,Mar 2023,11.50,143.87,Delivered,983,3,valid,,,
SH11449,Warehouse_CHI,Detroit,UPS,2023-03-07,Mar 2023,2023-03-10,Mar 2023,36.40,74.25,Delivered,283,3,valid,,,
SH11570,Warehouse_CHI,Chicago,LaserShip,2023-03-07,Mar 2023,2023-03-11,Mar 2023,137.50,165.56,Delivered,136,4,valid,,,
SH11867,Warehouse_HOU,Portland,LaserShip,2023-03-07,Mar 2023,2023-03-11,Mar 2023,29.70,271.76,Delivered,2067,4,valid,,,
SH11955,Warehouse_BOS,Atlanta,UPS,2023-03-07,Mar 2023,2023-03-11,Mar 2023,47.50,127.02,Delivered,545,4,valid,,,
SH10291,Warehouse_HOU,Detroit,Amazon Logistics,2023-03-07,Mar 2023,2023-03-12,Mar 2023,10.10,231.81,Lost,1875,5,valid,,,
SH10856,Warehouse_NYC,Detroit,Amazon Logistics,2023-03-08,Mar 2023,2023-03-13,Mar 2023,16.30,299.25,Delivered,2263,5,valid,,,
SH11369,Warehouse_BOS,Dallas,FedEx,2023-03-08,Mar 2023,2023-03-14,Mar 2023,28.60,328.60,Delivered,2066,6,valid,,,
SH11376,Warehouse_MIA,Detroit,Amazon Logistics,2023-03-08,Mar 2023,2023-03-13,Mar 2023,40.80,314.97,Delivered,2330,5,valid,,,
SH11384,Warehouse_BOS,Chicago,LaserShip,2023-03-08,Mar 2023,2023-03-14,Mar 2023,18.30,232.16,Delivered,1746,6,valid,,,
SH11904,Warehouse_HOU,Detroit,FedEx,2023-03-08,Mar 2023,2023-03-13,Mar 2023,8.10,290.02,Delivered,2307,5,valid,,,
SH11620,Warehouse_BOS,Phoenix,LaserShip,2023-03-08,Mar 2023,2023-03-12,Mar 2023,25.80,137.06,In Transit,896,4,valid,,,
SH11442,Warehouse_HOU,Portland,FedEx,2023-03-08,Mar 2023,2023-03-09,Mar 2023,5.80,83.76,Lost,528,1,valid,,,
SH10043,Warehouse_SEA,New York,DHL,2023-03-09,Mar 2023,2023-03-13,Mar 2023,17.40,194.58,Delivered,1153,4,valid,,,
SH10868,Warehouse_ATL,Chicago,FedEx,2023-03-09,Mar 2023,,,45.40,84.91,Delivered,151,2,invalid,,,
SH11341,Warehouse_NYC,Houston,FedEx,2023-03-09,Mar 2023,2023-03-11,Mar 2023,28.50,54.64,Delivered,131,2,valid,,,
SH11569,Warehouse_MIA,Detroit,UPS,2023-03-09,Mar 2023,2023-03-16,Mar 2023,13.60,261.01,Delivered,2029,7,valid,,,
SH11607,Warehouse_SEA,Houston,LaserShip,2023-03-09,Mar 2023,2023-03-14,Mar 2023,8.20,212.27,Delivered,1713,5,valid,,,
SH10594,Warehouse_SEA,Seattle,OnTrac,2023-03-10,Mar 2023,2023-03-24,Mar 2023,17.40,231.71,Delayed,1606,5,valid,,,
SH10139,Warehouse_CHI,Houston,USPS,2023-03-10,Mar 2023,2023-03-13,Mar 2023,19.40,169.99,Delivered,1300,3,valid,,,
SH10399,Warehouse_SEA,Atlanta,OnTrac,2023-03-10,Mar 2023,2023-03-14,Mar 2023,26.00,222.33,Delivered,1641,4,valid,,,
SH10744,Warehouse_HOU,Atlanta,FedEx,2023-03-10,Mar 2023,2023-03-12,Mar 2023,10.20,111.08,Delivered,800,2,valid,,,
SH11971,Warehouse_HOU,Chicago,LaserShip,2023-03-10,Mar 2023,2023-03-14,Mar 2023,9.50,217.11,Delivered,1843,4,valid,,,
SH10966,Warehouse_CHI,Atlanta,UPS,2023-03-11,Mar 2023,2023-03-15,Mar 2023,18.60,264.57,Delivered,1771,4,valid,,,
SH11710,Warehouse_CHI,Boston,OnTrac,2023-03-11,Mar 2023,2023-03-18,Mar 2023,10.70,290.55,Delivered,2200,7,valid,,,
SH11982,Warehouse_DEN,Minneapolis,OnTrac,2023-03-11,Mar 2023,2023-03-19,Mar 2023,33.90,172.51,Delivered,1174,8,valid,,,
SH10277,Warehouse_DEN,Phoenix,OnTrac,2023-03-12,Mar 2023,2023-03-17,Mar 2023,8.20,248.90,Delivered,1857,5,valid,,,
SH10715,Warehouse_LA,Minneapolis,LaserShip,2023-03-12,Mar 2023,2023-03-18,Mar 2023,21.40,92.29,Delivered,623,6,valid,,,
SH10821,Warehouse_ATL,Miami,USPS,2023-03-12,Mar 2023,2023-03-14,Mar 2023,7.30,35.27,Delivered,209,2,valid,,,
SH11106,Warehouse_DEN,San Francisco,UPS,2023-03-12,Mar 2023,2023-03-15,Mar 2023,19.00,180.68,Delivered,1291,3,valid,,,
SH11857,Warehouse_ATL,Phoenix,DHL,2023-03-12,Mar 2023,2023-03-17,Mar 2023,4.20,266.62,Delivered,1931,5,valid,,,
SH10568,Warehouse_LA,Houston,LaserShip,2023-03-13,Mar 2023,2023-03-23,Mar 2023,45.80,313.91,Delayed,2318,7,valid,,,
SH10229,Warehouse_DEN,Portland,Amazon Logistics,2023-03-13,Mar 2023,2023-03-14,Mar 2023,8.80,27.23,Delivered,156,1,valid,,,
SH10262,Warehouse_LA,Phoenix,USPS,2023-03-13,Mar 2023,2023-03-16,Mar 2023,10.00,,Delivered,373,3,valid,,,
SH10516,Warehouse_ATL,Minneapolis,UPS,2023-03-13,Mar 2023,2023-03-14,Mar 2023,8.90,89.78,Delivered,650,1,valid,,,
SH11800,Warehouse_HOU,Dallas,OnTrac,2023-03-13,Mar 2023,2023-03-18,Mar 2023,17.70,325.61,Delivered,2345,5,valid,,,
SH11558,Warehouse_CHI,Portland,USPS,2023-03-14,Mar 2023,2023-03-22,Mar 2023,15.10,193.28,Delayed,1427,4,valid,,,
SH10081,Warehouse_SF,New York,DHL,2023-03-14,Mar 2023,2023-03-19,Mar 2023,22.90,289.37,Delivered,1714,5,valid,,,
SH10162,Warehouse_BOS,Houston,USPS,2023-03-14,Mar 2023,2023-03-16,Mar 2023,22.10,79.13,Delivered,465,2,valid,,,
SH10539,Warehouse_SF,Dallas,Amazon Logistics,2023-03-14,Mar 2023,2023-03-18,Mar 2023,30.90,151.63,Delivered,961,4,valid,,,
SH10685,Warehouse_NYC,Atlanta,FedEx,2023-03-14,Mar 2023,2023-03-17,Mar 2023,36.80,166.16,Delivered,870,3,valid,,,
SH11308,Warehouse_LA,Phoenix,DHL,2023-03-14,Mar 2023,2023-03-18,Mar 2023,7.60,61.28,Delivered,373,4,valid,,,
SH11594,Warehouse_SEA,Dallas,USPS,2023-03-14,Mar 2023,2023-03-19,Mar 2023,34.00,267.21,Delivered,2176,5,valid,,,
SH11786,Warehouse_SEA,New York,OnTrac,2023-03-14,Mar 2023,2023-03-15,Mar 2023,24.30,45.64,Delivered,118,1,valid,,,
SH10274,Warehouse_LA,Miami,LaserShip,2023-03-15,Mar 2023,2023-03-20,Mar 2023,13.40,,Delivered,916,5,valid,,,
SH10308,Warehouse_HOU,New York,DHL,2023-03-15,Mar 2023,2023-03-21,Mar 2023,14.40,391.92,Delivered,2448,6,valid,,,
SH10457,Warehouse_MIA,Boston,FedEx,2023-03-15,Mar 2023,2023-03-21,Mar 2023,6.00,311.67,Delivered,2192,6,valid,,,
SH11022,Warehouse_BOS,Boston,FedEx,2023-03-15,Mar 2023,2023-03-17,Mar 2023,12.80,94.48,Delivered,626,2,valid,,,
SH11037,Warehouse_LA,Chicago,DHL,2023-03-15,Mar 2023,2023-03-20,Mar 2023,14.70,292.83,Delivered,1842,5,valid,,,
SH11687,Warehouse_SF,Seattle,Amazon Logistics,2023-03-16,Mar 2023,2023-03-30,Mar 2023,21.60,73.32,Delayed,378,3,valid,,,
SH10205,Warehouse_NYC,Los Angeles,USPS,2023-03-16,Mar 2023,,,27.90,65.87,Delivered,320,2,invalid,,,
SH10206,Warehouse_LA,Houston,LaserShip,2023-03-16,Mar 2023,2023-03-20,Mar 2023,22.80,242.14,Delivered,1657,4,valid,,,
SH10689,Warehouse_CHI,Atlanta,LaserShip,2023-03-16,Mar 2023,2023-03-21,Mar 2023,54.00,326.08,Delivered,2448,5,valid,,,
SH10784,Warehouse_DEN,Phoenix,USPS,2023-03-16,Mar 2023,2023-03-21,Mar 2023,22.50,,Delivered,1164,5,valid,,,
SH10849,Warehouse_NYC,Minneapolis,DHL,2023-03-16,Mar 2023,2023-03-19,Mar 2023,23.70,105.39,Delivered,475,3,valid,,,
SH11843,Warehouse_HOU,Houston,USPS,2023-03-16,Mar 2023,2023-03-20,Mar 2023,52.00,229.42,Delivered,1460,4,valid,,,
SH11967,Warehouse_SEA,Denver,LaserShip,2023-03-16,Mar 2023,2023-03-21,Mar 2023,39.40,149.04,Delivered,826,5,valid,,,
SH10693,Warehouse_MIA,Chicago,USPS,2023-03-17,Mar 2023,2023-04-03,Apr 2023,3.10,124.09,Delayed,1098,6,valid,,,
SH10421,Warehouse_NYC,Miami,UPS,2023-03-17,Mar 2023,2023-03-18,Mar 2023,36.30,77.48,Delivered,283,1,valid,,,
SH10880,Warehouse_HOU,Phoenix,LaserShip,2023-03-17,Mar 2023,2023-03-21,Mar 2023,24.70,73.47,Delivered,371,4,valid,,,
SH10644,Warehouse_SEA,New York,DHL,2023-03-18,Mar 2023,2023-03-22,Mar 2023,44.40,151.20,Delivered,560,4,valid,,,
SH10921,Warehouse_ATL,Detroit,DHL,2023-03-18,Mar 2023,2023-03-20,Mar 2023,12.90,74.16,In Transit,419,2,valid,,,
SH11315,Warehouse_BOS,Houston,Amazon Logistics,2023-03-18,Mar 2023,2023-03-20,Mar 2023,28.80,93.05,Lost,499,2,valid,,,
SH10370,Warehouse_BOS,Los Angeles,OnTrac,2023-03-19,Mar 2023,2023-03-23,Mar 2023,31.20,206.10,Delivered,1358,4,valid,,,
SH10641,Warehouse_SF,Los Angeles,Amazon Logistics,2023-03-19,Mar 2023,2023-03-26,Mar 2023,37.70,339.21,Delivered,2201,7,valid,,,
SH11769,Warehouse_DEN,Miami,OnTrac,2023-03-19,Mar 2023,2023-03-24,Mar 2023,3.50,215.07,Delivered,1843,5,valid,,,
SH10246,Warehouse_LA,Minneapolis,USPS,2023-03-20,Mar 2023,2023-03-23,Mar 2023,21.90,167.58,Delivered,1124,3,valid,,,
SH10368,Warehouse_MIA,Denver,FedEx,2023-03-20,Mar 2023,2023-03-26,Mar 2023,20.50,315.46,Delivered,2294,6,valid,,,
SH10513,Warehouse_ATL,Los Angeles,OnTrac,2023-03-20,Mar 2023,2023-03-24,Mar 2023,50.90,224.98,Delivered,1225,4,valid,,,
SH10642,Warehouse_DEN,Detroit,FedEx,2023-03-20,Mar 2023,2023-03-25,Mar 2023,10.20,265.15,Delivered,1808,5,valid,,,
SH10670,Warehouse_BOS,New York,LaserShip,2023-03-20,Mar 2023,2023-03-28,Mar 2023,28.10,192.15,Delivered,1431,8,valid,,,
SH10842,Warehouse_BOS,Boston,FedEx,2023-03-20,Mar 2023,2023-03-24,Mar 2023,6.20,217.10,Delivered,1483,4,valid,,,
SH10897,Warehouse_HOU,Phoenix,UPS,2023-03-20,Mar 2023,2023-03-27,Mar 2023,35.70,341.41,Delivered,2300,7,valid,,,
SH11429,Warehouse_SF,Chicago,LaserShip,2023-03-20,Mar 2023,2023-03-24,Mar 2023,42.40,171.56,Delivered,1111,4,valid,,,
SH10899,Warehouse_HOU,Los Angeles,UPS,2023-03-21,Mar 2023,2023-04-05,Apr 2023,18.20,150.78,Delayed,915,3,valid,,,
SH10361,Warehouse_DEN,Minneapolis,Amazon Logistics,2023-03-21,Mar 2023,2023-03-24,Mar 2023,6.90,23.19,Delivered,140,3,valid,,,
SH11770,Warehouse_LA,Detroit,UPS,2023-03-21,Mar 2023,2023-03-23,Mar 2023,15.80,132.30,Delivered,878,2,valid,,,
SH10281,Warehouse_HOU,Phoenix,OnTrac,2023-03-22,Mar 2023,2023-04-03,Apr 2023,21.50,136.58,Delayed,916,2,valid,,,
SH10319,Warehouse_CHI,Detroit,USPS,2023-03-22,Mar 2023,2023-03-26,Mar 2023,8.10,41.68,Delivered,283,4,valid,,,
SH10981,Warehouse_MIA,Portland,FedEx,2023-03-22,Mar 2023,2023-03-25,Mar 2023,16.00,178.47,Delivered,1288,3,valid,,,
SH11190,Warehouse_CHI,Minneapolis,FedEx,2023-03-22,Mar 2023,2023-03-24,Mar 2023,152.70,290.77,Delivered,841,2,valid,,,
SH11458,Warehouse_NYC,Denver,FedEx,2023-03-22,Mar 2023,2023-03-24,Mar 2023,12.20,109.31,Delivered,691,2,valid,,,
SH11637,Warehouse_LA,Seattle,USPS,2023-03-22,Mar 2023,2023-03-26,Mar 2023,66.30,204.27,Delivered,1135,4,valid,,,
SH11784,Warehouse_NYC,Portland,OnTrac,2023-03-22,Mar 2023,2023-03-26,Mar 2023,28.80,183.25,Delivered,1399,4,valid,,,
SH11236,Warehouse_SEA,Dallas,OnTrac,2023-03-22,Mar 2023,2023-03-28,Mar 2023,10.60,256.26,Returned,2001,6,valid,,,
SH10979,Warehouse_LA,New York,DHL,2023-03-23,Mar 2023,2023-04-07,Apr 2023,9.60,82.64,Delayed,490,4,valid,,,
SH10848,Warehouse_DEN,Seattle,Amazon Logistics,2023-03-23,Mar 2023,2023-03-29,Mar 2023,10.30,312.01,Delivered,2287,6,valid,,,
SH10118,Warehouse_DEN,Denver,OnTrac,2023-03-24,Mar 2023,2023-04-01,Apr 2023,17.60,215.18,Delayed,1646,4,valid,,,
SH10382,Warehouse_NYC,Portland,OnTrac,2023-03-24,Mar 2023,2023-03-27,Mar 2023,15.00,141.60,Delivered,1115,3,valid,,,
SH10561,Warehouse_LA,Chicago,UPS,2023-03-24,Mar 2023,2023-03-29,Mar 2023,17.80,235.64,Delivered,1898,5,valid,,,
SH11735,Warehouse_BOS,Minneapolis,USPS,2023-03-24,Mar 2023,2023-03-29,Mar 2023,58.80,177.73,Delivered,892,5,valid,,,
SH10536,Warehouse_NYC,Chicago,FedEx,2023-03-25,Mar 2023,2023-04-08,Apr 2023,11.10,113.50,Delayed,790,4,valid,,,
SH10327,Warehouse_HOU,Atlanta,DHL,2023-03-25,Mar 2023,2023-03-27,Mar 2023,8.30,128.12,Delivered,800,2,valid,,,
SH10843,Warehouse_ATL,Boston,FedEx,2023-03-25,Mar 2023,2023-03-30,Mar 2023,7.30,238.37,Delivered,1921,5,valid,,,
SH11605,Warehouse_NYC,Seattle,OnTrac,2023-03-25,Mar 2023,2023-03-31,Mar 2023,27.40,,Delivered,986,6,valid,,,
SH11692,Warehouse_LA,Atlanta,DHL,2023-03-25,Mar 2023,2023-03-26,Mar 2023,18.40,46.71,Delivered,178,1,valid,,,
SH10033,Warehouse_SF,Denver,USPS,2023-03-26,Mar 2023,2023-04-02,Apr 2023,15.80,66.35,Delayed,431,2,valid,,,
SH11044,Warehouse_SF,Minneapolis,USPS,2023-03-26,Mar 2023,2023-03-28,Mar 2023,45.50,87.93,Delivered,399,2,valid,,,
SH11207,Warehouse_BOS,Portland,DHL,2023-03-26,Mar 2023,2023-03-31,Mar 2023,10.50,366.13,Delivered,2421,5,valid,,,
SH11214,Warehouse_CHI,Miami,FedEx,2023-03-26,Mar 2023,2023-03-31,Mar 2023,81.70,289.48,Delivered,1350,5,valid,,,
SH11418,Warehouse_SEA,Atlanta,DHL,2023-03-26,Mar 2023,2023-03-29,Mar 2023,38.70,77.84,Delivered,173,3,valid,,,
SH10482,Warehouse_CHI,Seattle,Amazon Logistics,2023-03-27,Mar 2023,2023-04-01,Apr 2023,17.80,323.01,Delivered,2283,5,valid,,,
SH11456,Warehouse_DEN,Miami,USPS,2023-03-27,Mar 2023,2023-03-30,Mar 2023,7.50,141.08,Delivered,1061,3,valid,,,
SH11666,Warehouse_LA,Seattle,LaserShip,2023-03-27,Mar 2023,2023-04-01,Apr 2023,13.10,162.21,Delivered,1135,5,valid,,,
SH11775,Warehouse_MIA,Portland,FedEx,2023-03-27,Mar 2023,2023-04-05,Apr 2023,12.80,331.50,Delivered,2488,9,valid,,,
SH11821,Warehouse_MIA,Detroit,OnTrac,2023-03-27,Mar 2023,2023-04-01,Apr 2023,32.10,323.03,Delivered,2360,5,valid,,,
SH10272,Warehouse_SEA,Chicago,Amazon Logistics,2023-03-27,Mar 2023,2023-03-28,Mar 2023,24.80,66.90,In Transit,274,1,valid,,,
SH11506,Warehouse_SF,Miami,LaserShip,2023-03-28,Mar 2023,2023-04-03,Apr 2023,23.10,232.72,Delayed,1646,5,valid,,,
SH10201,Warehouse_DEN,Dallas,UPS,2023-03-28,Mar 2023,2023-04-02,Apr 2023,5.30,197.90,Delivered,1605,5,valid,,,
SH10977,Warehouse_LA,Dallas,LaserShip,2023-03-28,Mar 2023,2023-03-31,Mar 2023,19.70,199.00,Delivered,1435,3,valid,,,
SH11021,Warehouse_NYC,Denver,OnTrac,2023-03-28,Mar 2023,2023-04-04,Apr 2023,16.70,200.43,Delivered,1466,7,valid,,,
SH11417,Warehouse_LA,Denver,OnTrac,2023-03-28,Mar 2023,2023-03-31,Mar 2023,13.70,175.73,Delivered,1364,3,valid,,,
SH10667,Warehouse_ATL,Dallas,UPS,2023-03-28,Mar 2023,2023-03-31,Mar 2023,5.60,94.63,Returned,659,3,valid,,,
SH10310,Warehouse_SF,Boston,Amazon Logistics,2023-03-29,Mar 2023,2023-04-09,Apr 2023,17.50,198.00,Delayed,1539,4,valid,,,
SH10436,Warehouse_ATL,Houston,Amazon Logistics,2023-03-29,Mar 2023,2023-03-30,Mar 2023,19.00,77.14,Delivered,483,1,valid,,,
SH11550,Warehouse_ATL,Miami,OnTrac,2023-03-29,Mar 2023,2023-03-30,Mar 2023,41.50,85.01,Delivered,305,1,valid,,,
SH10152,Warehouse_HOU,Seattle,FedEx,2023-03-30,Mar 2023,2023-04-02,Apr 2023,11.50,167.08,Delivered,1125,3,valid,,,
SH10518,Warehouse_MIA,Houston,UPS,2023-03-30,Mar 2023,2023-04-04,Apr 2023,15.40,241.05,Delivered,1859,5,valid,,,
SH11326,Warehouse_SF,Portland,UPS,2023-03-30,Mar 2023,2023-04-03,Apr 2023,127.00,342.10,Delivered,1334,4,valid,,,
SH11496,Warehouse_NYC,New York,LaserShip,2023-03-30,Mar 2023,2023-04-02,Apr 2023,16.10,127.74,Delivered,932,3,valid,,,
SH11567,Warehouse_HOU,Minneapolis,FedEx,2023-03-30,Mar 2023,2023-04-01,Apr 2023,27.90,138.40,Delivered,860,2,valid,,,
SH10480,Warehouse_LA,Chicago,USPS,2023-03-31,Mar 2023,2023-04-05,Apr 2023,26.70,209.87,Delivered,1486,5,valid,,,
SH10697,Warehouse_SF,Detroit,DHL,2023-03-31,Mar 2023,2023-04-01,Apr 2023,17.10,34.45,Delivered,105,1,valid,,,
SH10803,Warehouse_MIA,Detroit,OnTrac,2023-03-31,Mar 2023,2023-04-06,Apr 2023,4.80,287.60,Delivered,2470,6,valid,,,
SH10810,Warehouse_MIA,Detroit,Amazon Logistics,2023-03-31,Mar 2023,2023-04-03,Apr 2023,51.80,231.80,Delivered,1415,3,valid,,,
SH10936,Warehouse_BOS,Chicago,LaserShip,2023-03-31,Mar 2023,2023-04-03,Apr 2023,16.50,152.12,Delivered,1027,3,valid,,,
SH11098,Warehouse_LA,San Francisco,LaserShip,2023-03-31,Mar 2023,2023-04-04,Apr 2023,30.30,127.04,Delivered,862,4,valid,,,
SH11124,Warehouse_NYC,Houston,UPS,2023-03-31,Mar 2023,2023-04-04,Apr 2023,7.90,219.09,Delivered,1665,4,valid,,,
SH11333,Warehouse_CHI,San Francisco,Amazon Logistics,2023-04-01,Apr 2023,,,9.00,67.94,Delayed,435,2,invalid,,,
SH10443,Warehouse_HOU,Phoenix,Amazon Logistics,2023-04-01,Apr 2023,2023-04-03,Apr 2023,55.50,169.22,Delivered,804,2,valid,,,
SH10872,Warehouse_MIA,Boston,OnTrac,2023-04-01,Apr 2023,2023-04-08,Apr 2023,16.70,340.65,Delivered,2415,7,valid,,,
SH11117,Warehouse_DEN,Detroit,USPS,2023-04-01,Apr 2023,,,10.80,218.34,Delivered,1937,5,invalid,,,
SH11467,Warehouse_BOS,Denver,DHL,2023-04-01,Apr 2023,2023-04-04,Apr 2023,71.70,188.04,Delivered,635,3,valid,,,
SH11362,Warehouse_SEA,Portland,USPS,2023-04-02,Apr 2023,2023-04-07,Apr 2023,8.40,83.54,Delivered,598,5,valid,,,
SH11584,Warehouse_DEN,Los Angeles,OnTrac,2023-04-02,Apr 2023,2023-04-06,Apr 2023,5.80,173.56,Delivered,1355,4,valid,,,
SH10549,Warehouse_LA,New York,USPS,2023-04-02,Apr 2023,2023-04-04,Apr 2023,7.40,88.25,Returned,643,2,valid,,,
SH10066,Warehouse_SF,Miami,Amazon Logistics,2023-04-03,Apr 2023,2023-04-09,Apr 2023,15.90,325.16,Delivered,2463,6,valid,,,
SH10114,Warehouse_SF,Los Angeles,FedEx,2023-04-03,Apr 2023,,,23.20,270.43,Delivered,1800,4,invalid,,,
SH10244,Warehouse_HOU,Houston,LaserShip,2023-04-03,Apr 2023,2023-04-07,Apr 2023,44.00,167.48,Delivered,1105,4,valid,,,
SH10350,Warehouse_SF,Portland,UPS,2023-04-03,Apr 2023,2023-04-05,Apr 2023,21.10,73.70,Delivered,347,2,valid,,,
SH10440,Warehouse_CHI,San Francisco,DHL,2023-04-03,Apr 2023,2023-04-11,Apr 2023,5.20,216.66,Delivered,1605,8,valid,,,
SH10578,Warehouse_CHI,Atlanta,Amazon Logistics,2023-04-03,Apr 2023,2023-04-04,Apr 2023,17.90,45.26,Delivered,231,1,valid,,,
SH10746,Warehouse_BOS,Miami,USPS,2023-04-03,Apr 2023,2023-04-05,Apr 2023,11.90,139.28,Delivered,1032,2,valid,,,
SH10790,Warehouse_LA,Denver,FedEx,2023-04-03,Apr 2023,2023-04-08,Apr 2023,12.50,326.12,Delivered,2386,5,valid,,,
SH10878,Warehouse_SF,Portland,Amazon Logistics,2023-04-03,Apr 2023,2023-04-08,Apr 2023,11.90,260.02,Delivered,2131,5,valid,,,
SH10904,Warehouse_CHI,Minneapolis,LaserShip,2023-04-03,Apr 2023,2023-04-06,Apr 2023,30.90,46.94,Delivered,106,3,valid,,,
SH11380,Warehouse_DEN,Atlanta,Amazon Logistics,2023-04-03,Apr 2023,2023-04-07,Apr 2023,43.50,288.61,Delivered,2007,4,valid,,,
SH11730,Warehouse_DEN,San Francisco,USPS,2023-04-03,Apr 2023,2023-04-07,Apr 2023,226.60,44.83,Delivered,202,4,valid,,,
SH11734,Warehouse_CHI,Denver,FedEx,2023-04-03,Apr 2023,2023-04-07,Apr 2023,19.10,159.14,Delivered,1000,4,valid,,,
SH10080,Warehouse_LA,Los Angeles,LaserShip,2023-04-04,Apr 2023,2023-04-07,Apr 2023,15.10,152.16,Delivered,1051,3,valid,,,
SH10285,Warehouse_SF,Miami,USPS,2023-04-04,Apr 2023,2023-04-05,Apr 2023,9.90,62.20,Delivered,448,1,valid,,,
SH10932,Warehouse_ATL,Minneapolis,OnTrac,2023-04-04,Apr 2023,2023-04-06,Apr 2023,36.30,74.96,Delivered,253,2,valid,,,
SH10982,Warehouse_MIA,Seattle,DHL,2023-04-04,Apr 2023,2023-04-07,Apr 2023,66.10,217.51,Delivered,779,3,valid,,,
SH11615,Warehouse_SEA,Houston,FedEx,2023-04-04,Apr 2023,2023-04-10,Apr 2023,7.00,303.42,Delivered,2228,6,valid,,,
SH11930,Warehouse_MIA,Seattle,OnTrac,2023-04-04,Apr 2023,2023-04-05,Apr 2023,13.80,30.20,Delivered,142,1,valid,,,
SH11681,Warehouse_MIA,Atlanta,FedEx,2023-04-05,Apr 2023,2023-04-21,Apr 2023,81.90,247.05,Delayed,1123,3,valid,,,
SH10124,Warehouse_ATL,San Francisco,USPS,2023-04-05,Apr 2023,2023-04-11,Apr 2023,20.30,150.38,Delivered,1200,6,valid,,,
SH10624,Warehouse_BOS,Dallas,FedEx,2023-04-05,Apr 2023,2023-04-09,Apr 2023,3.30,52.34,Delivered,385,4,valid,,,
SH10960,Warehouse_NYC,Dallas,DHL,2023-04-05,Apr 2023,2023-04-15,Apr 2023,18.90,196.91,Delivered,1319,10,valid,,,
SH10085,Warehouse_CHI,Los Angeles,UPS,2023-04-06,Apr 2023,2023-04-12,Apr 2023,31.70,282.19,Delivered,1777,6,valid,,,
SH11675,Warehouse_SEA,Detroit,FedEx,2023-04-06,Apr 2023,2023-04-10,Apr 2023,16.00,220.43,Delivered,1521,4,valid,,,
SH11695,Warehouse_ATL,Portland,Amazon Logistics,2023-04-06,Apr 2023,2023-04-13,Apr 2023,6.30,258.52,Delivered,1995,7,valid,,,
SH11749,Warehouse_NYC,Portland,FedEx,2023-04-06,Apr 2023,2023-04-12,Apr 2023,6.60,297.63,Delivered,2132,6,valid,,,
SH11351,Warehouse_SF,Detroit,DHL,2023-04-07,Apr 2023,2023-04-23,Apr 2023,22.10,381.80,Delayed,2348,7,valid,,,
SH11180,Warehouse_NYC,Seattle,DHL,2023-04-07,Apr 2023,2023-04-10,Apr 2023,13.00,123.25,Delivered,860,3,valid,,,
SH11851,Warehouse_NYC,Portland,USPS,2023-04-07,Apr 2023,2023-04-13,Apr 2023,20.80,289.20,Delivered,2420,6,valid,,,
SH11041,Warehouse_MIA,San Francisco,DHL,2023-04-08,Apr 2023,2023-04-15,Apr 2023,20.50,369.70,Delivered,2249,7,valid,,,
SH11345,Warehouse_NYC,Chicago,USPS,2023-04-08,Apr 2023,2023-04-11,Apr 2023,26.30,113.91,Delivered,790,3,valid,,,
SH11664,Warehouse_MIA,Denver,UPS,2023-04-08,Apr 2023,2023-04-13,Apr 2023,34.20,113.11,Delivered,504,5,valid,,,
SH10396,Warehouse_LA,Denver,UPS,2023-04-09,Apr 2023,2023-04-15,Apr 2023,9.50,228.41,Delivered,1802,6,valid,,,
SH10100,Warehouse_CHI,Atlanta,Amazon Logistics,2023-04-10,Apr 2023,2023-04-17,Apr 2023,11.90,277.05,Delivered,2109,7,valid,,,
SH11565,Warehouse_HOU,Chicago,UPS,2023-04-10,Apr 2023,,,39.20,293.51,Delivered,1732,6,invalid,,,
SH10445,Warehouse_HOU,Phoenix,Amazon Logistics,2023-04-10,Apr 2023,2023-04-13,Apr 2023,31.60,152.35,In Transit,1081,3,valid,,,
SH10774,Warehouse_SEA,New York,DHL,2023-04-11,Apr 2023,2023-04-27,Apr 2023,73.60,437.29,Delayed,2241,6,valid,,,
SH11327,Warehouse_ATL,Dallas,UPS,2023-04-11,Apr 2023,2023-04-13,Apr 2023,25.90,70.31,Delivered,326,2,valid,,,
SH11510,Warehouse_ATL,Chicago,LaserShip,2023-04-11,Apr 2023,2023-04-18,Apr 2023,13.90,302.88,In Transit,2212,7,valid,,,
SH11048,Warehouse_NYC,Phoenix,Amazon Logistics,2023-04-11,Apr 2023,2023-04-18,Apr 2023,12.70,285.48,Lost,2264,7,valid,,,
SH10757,Warehouse_SEA,Phoenix,DHL,2023-04-12,Apr 2023,2023-04-17,Apr 2023,9.50,194.71,Delivered,1346,5,valid,,,
SH11317,Warehouse_SF,Denver,UPS,2023-04-12,Apr 2023,2023-04-13,Apr 2023,21.00,88.46,Delivered,510,1,valid,,,
SH11713,Warehouse_NYC,Detroit,DHL,2023-04-12,Apr 2023,2023-04-16,Apr 2023,28.80,325.20,Delivered,1883,4,valid,,,
SH10535,Warehouse_NYC,Seattle,LaserShip,2023-04-13,Apr 2023,2023-04-14,Apr 2023,15.40,33.51,Delivered,121,1,valid,,,
SH10756,Warehouse_DEN,Minneapolis,DHL,2023-04-13,Apr 2023,2023-04-15,Apr 2023,10.00,45.28,Delivered,236,2,valid,,,
SH10056,Warehouse_SF,Minneapolis,LaserShip,2023-04-14,Apr 2023,2023-04-19,Apr 2023,23.20,231.64,Delivered,1913,5,valid,,,
SH10369,Warehouse_SEA,Atlanta,DHL,2023-04-14,Apr 2023,2023-04-19,Apr 2023,16.80,303.11,Delivered,2091,5,valid,,,
SH10437,Warehouse_DEN,Houston,FedEx,2023-04-14,Apr 2023,2023-04-21,Apr 2023,9.90,256.92,Delivered,1707,7,valid,,,
SH10448,Warehouse_BOS,Chicago,USPS,2023-04-14,Apr 2023,2023-04-18,Apr 2023,87.50,322.09,Delivered,1941,4,valid,,,
SH10537,Warehouse_ATL,Houston,LaserShip,2023-04-14,Apr 2023,2023-04-17,Apr 2023,51.40,143.25,Delivered,582,3,valid,,,
SH11939,Warehouse_SF,Portland,LaserShip,2023-04-14,Apr 2023,2023-04-16,Apr 2023,25.30,92.95,Delivered,505,2,valid,,,
SH11325,Warehouse_SF,Detroit,OnTrac,2023-04-14,Apr 2023,2023-04-17,Apr 2023,26.60,68.27,Returned,365,3,valid,,,
SH10674,Warehouse_ATL,Houston,DHL,2023-04-15,Apr 2023,2023-04-21,Apr 2023,7.70,234.65,Delivered,1747,6,valid,,,
SH10770,Warehouse_CHI,Boston,UPS,2023-04-15,Apr 2023,2023-04-21,Apr 2023,7.70,284.59,Delivered,2012,6,valid,,,
SH10908,Warehouse_SF,Seattle,DHL,2023-04-15,Apr 2023,2023-04-19,Apr 2023,33.70,302.22,Delivered,1819,4,valid,,,
SH11480,Warehouse_SF,Atlanta,LaserShip,2023-04-15,Apr 2023,2023-04-19,Apr 2023,79.10,264.42,Delivered,1487,4,valid,,,
SH11182,Warehouse_SF,Minneapolis,FedEx,2023-04-15,Apr 2023,2023-04-19,Apr 2023,8.40,214.35,In Transit,1640,4,valid,,,
SH10615,Warehouse_ATL,Portland,UPS,2023-04-16,Apr 2023,2023-04-22,Apr 2023,12.90,56.83,Delayed,354,1,valid,,,
SH11024,Warehouse_NYC,Atlanta,UPS,2023-04-16,Apr 2023,2023-04-18,Apr 2023,166.10,337.18,Delivered,870,2,valid,,,
SH11165,Warehouse_HOU,New York,UPS,2023-04-16,Apr 2023,2023-04-21,Apr 2023,7.00,291.75,Delivered,2078,5,valid,,,
SH11412,Warehouse_ATL,New York,DHL,2023-04-16,Apr 2023,2023-04-22,Apr 2023,24.90,297.44,Delivered,2010,6,valid,,,
SH11682,Warehouse_SF,Chicago,LaserShip,2023-04-16,Apr 2023,2023-04-17,Apr 2023,43.50,111.47,Delivered,421,1,valid,,,
SH11811,Warehouse_MIA,Detroit,DHL,2023-04-16,Apr 2023,2023-04-18,Apr 2023,29.50,110.42,Delivered,476,2,valid,,,
SH10275,Warehouse_LA,New York,LaserShip,2023-04-16,Apr 2023,2023-04-18,Apr 2023,25.30,107.88,In Transit,742,2,valid,,,
SH11499,Warehouse_HOU,Phoenix,UPS,2023-04-16,Apr 2023,2023-04-19,Apr 2023,37.70,164.72,In Transit,925,3,valid,,,
SH10070,Warehouse_HOU,Chicago,DHL,2023-04-17,Apr 2023,2023-04-26,Apr 2023,6.90,56.51,Delayed,383,3,valid,,,
SH10094,Warehouse_ATL,San Francisco,OnTrac,2023-04-17,Apr 2023,2023-04-24,Apr 2023,29.50,167.82,Delivered,1022,7,valid,,,
SH10129,Warehouse_MIA,Miami,LaserShip,2023-04-17,Apr 2023,2023-04-22,Apr 2023,31.90,260.72,Delivered,1926,5,valid,,,
SH10948,Warehouse_MIA,Dallas,UPS,2023-04-17,Apr 2023,2023-04-19,Apr 2023,20.00,96.84,Delivered,517,2,valid,,,
SH11076,Warehouse_NYC,Dallas,OnTrac,2023-04-17,Apr 2023,2023-04-19,Apr 2023,32.40,81.15,Delivered,415,2,valid,,,
SH11334,Warehouse_CHI,Phoenix,DHL,2023-04-17,Apr 2023,2023-04-22,Apr 2023,52.40,339.51,Delivered,1949,5,valid,,,
SH11443,Warehouse_SF,Minneapolis,USPS,2023-04-17,Apr 2023,2023-04-23,Apr 2023,11.50,219.67,Delivered,1908,6,valid,,,
SH11623,Warehouse_DEN,Miami,Amazon Logistics,2023-04-17,Apr 2023,2023-04-22,Apr 2023,15.30,157.36,Delivered,1237,5,valid,,,
SH11795,Warehouse_ATL,Los Angeles,FedEx,2023-04-17,Apr 2023,2023-04-23,Apr 2023,5.10,175.60,Delivered,1317,6,valid,,,
SH11876,Warehouse_NYC,Dallas,DHL,2023-04-17,Apr 2023,2023-04-18,Apr 2023,26.20,86.35,Delivered,351,1,valid,,,
SH11917,Warehouse_BOS,Denver,LaserShip,2023-04-17,Apr 2023,2023-04-24,Apr 2023,21.10,256.12,Delivered,1974,7,valid,,,
SH10523,Warehouse_ATL,Portland,Amazon Logistics,2023-04-18,Apr 2023,2023-05-02,May 2023,24.70,221.91,Delayed,1572,6,valid,,,
SH10495,Warehouse_SEA,Chicago,DHL,2023-04-18,Apr 2023,2023-04-24,Apr 2023,10.80,256.45,Delivered,1635,6,valid,,,
SH11435,Warehouse_DEN,Boston,DHL,2023-04-18,Apr 2023,2023-04-22,Apr 2023,10.40,266.13,Delivered,1924,4,valid,,,
SH11740,Warehouse_LA,New York,DHL,2023-04-18,Apr 2023,2023-04-22,Apr 2023,29.80,248.19,Delivered,1462,4,valid,,,
SH11434,Warehouse_DEN,Los Angeles,OnTrac,2023-04-19,Apr 2023,2023-05-04,May 2023,10.20,201.85,Delayed,1659,5,valid,,,
SH10479,Warehouse_SEA,Dallas,UPS,2023-04-19,Apr 2023,2023-04-21,Apr 2023,11.90,41.55,Delivered,187,2,valid,,,
SH10569,Warehouse_LA,Miami,OnTrac,2023-04-19,Apr 2023,2023-04-26,Apr 2023,28.40,304.15,Delivered,2243,7,valid,,,
SH10763,Warehouse_LA,Chicago,Amazon Logistics,2023-04-19,Apr 2023,2023-04-23,Apr 2023,72.90,236.99,Delivered,1270,4,valid,,,
SH11009,Warehouse_NYC,Chicago,LaserShip,2023-04-19,Apr 2023,2023-04-22,Apr 2023,10.10,104.49,Delivered,790,3,valid,,,
SH11794,Warehouse_LA,Minneapolis,OnTrac,2023-04-19,Apr 2023,2023-04-26,Apr 2023,6.70,213.54,In Transit,1694,7,valid,,,
SH10541,Warehouse_MIA,Los Angeles,FedEx,2023-04-20,Apr 2023,2023-04-21,Apr 2023,35.40,88.87,Delivered,320,1,valid,,,
SH11571,Warehouse_DEN,Minneapolis,Amazon Logistics,2023-04-20,Apr 2023,2023-04-27,Apr 2023,17.10,303.85,Delivered,2247,7,valid,,,
SH11835,Warehouse_BOS,Portland,USPS,2023-04-20,Apr 2023,2023-04-26,Apr 2023,6.40,219.55,Delivered,1811,6,valid,,,
SH10786,Warehouse_DEN,Dallas,DHL,2023-04-20,Apr 2023,2023-04-24,Apr 2023,18.60,144.95,Returned,923,4,valid,,,
SH10470,Warehouse_CHI,Houston,UPS,2023-04-21,Apr 2023,,,8.70,35.59,Delayed,195,1,invalid,,,
SH11259,Warehouse_BOS,Los Angeles,LaserShip,2023-04-21,Apr 2023,2023-04-27,Apr 2023,45.40,102.09,Delayed,473,2,valid,,,
SH11444,Warehouse_ATL,Phoenix,OnTrac,2023-04-21,Apr 2023,2023-05-07,May 2023,41.90,260.33,Delayed,1800,4,valid,,,
SH11711,Warehouse_CHI,Denver,FedEx,2023-04-21,Apr 2023,2023-04-27,Apr 2023,19.50,150.02,Delivered,1000,6,valid,,,
SH11820,Warehouse_SF,Los Angeles,USPS,2023-04-21,Apr 2023,2023-04-27,Apr 2023,5.30,263.08,Delivered,2362,6,valid,,,
SH11919,Warehouse_DEN,Seattle,OnTrac,2023-04-21,Apr 2023,2023-04-23,Apr 2023,17.40,59.13,Delivered,284,2,valid,,,
SH10411,Warehouse_SEA,Houston,FedEx,2023-04-21,Apr 2023,2023-04-22,Apr 2023,8.60,33.61,Lost,178,1,valid,,,
SH10295,Warehouse_MIA,New York,OnTrac,2023-04-22,Apr 2023,2023-04-26,Apr 2023,5.20,127.10,Delivered,1049,4,valid,,,
SH10831,Warehouse_CHI,Chicago,USPS,2023-04-22,Apr 2023,2023-04-26,Apr 2023,42.20,271.44,Delivered,1943,4,valid,,,
SH11561,Warehouse_SEA,New York,USPS,2023-04-22,Apr 2023,2023-04-29,Apr 2023,22.10,305.98,Delivered,2347,7,valid,,,
SH11582,Warehouse_LA,Los Angeles,UPS,2023-04-22,Apr 2023,2023-04-27,Apr 2023,16.50,282.23,Delivered,2056,5,valid,,,
SH11929,Warehouse_SF,Miami,LaserShip,2023-04-22,Apr 2023,2023-04-28,Apr 2023,41.00,321.15,Delivered,2478,6,valid,,,
SH11949,Warehouse_HOU,Houston,OnTrac,2023-04-22,Apr 2023,2023-04-26,Apr 2023,22.60,208.71,Delivered,1375,4,valid,,,
SH10105,Warehouse_MIA,New York,DHL,2023-04-23,Apr 2023,2023-05-06,May 2023,40.70,270.27,Delayed,1682,6,valid,,,
SH10048,Warehouse_SF,Phoenix,LaserShip,2023-04-23,Apr 2023,2023-04-30,Apr 2023,14.20,248.03,Delivered,1758,7,valid,,,
SH10065,Warehouse_LA,Miami,LaserShip,2023-04-23,Apr 2023,2023-04-27,Apr 2023,50.30,152.13,Delivered,864,4,valid,,,
SH10172,Warehouse_SEA,New York,Amazon Logistics,2023-04-23,Apr 2023,2023-05-01,May 2023,35.10,272.06,Delivered,2056,8,valid,,,
SH10430,Warehouse_DEN,Seattle,OnTrac,2023-04-23,Apr 2023,2023-04-28,Apr 2023,23.00,166.87,Delivered,1171,5,valid,,,
SH10994,Warehouse_MIA,Portland,DHL,2023-04-23,Apr 2023,2023-04-29,Apr 2023,19.10,302.52,Delivered,2132,6,valid,,,
SH11798,Warehouse_SEA,New York,OnTrac,2023-04-23,Apr 2023,2023-04-26,Apr 2023,12.10,147.53,Delivered,1172,3,valid,,,
SH11817,Warehouse_CHI,Dallas,USPS,2023-04-23,Apr 2023,2023-04-27,Apr 2023,11.60,135.55,Delivered,1021,4,valid,,,
SH10045,Warehouse_NYC,Miami,LaserShip,2023-04-24,Apr 2023,2023-04-29,Apr 2023,29.70,245.98,Delivered,1973,5,valid,,,
SH10335,Warehouse_BOS,Minneapolis,Amazon Logistics,2023-04-24,Apr 2023,2023-04-26,Apr 2023,43.40,,Delivered,844,2,valid,,,
SH10526,Warehouse_SF,Minneapolis,OnTrac,2023-04-24,Apr 2023,2023-04-27,Apr 2023,20.30,89.33,Delivered,543,3,valid,,,
SH10616,Warehouse_ATL,Miami,FedEx,2023-04-24,Apr 2023,2023-04-26,Apr 2023,11.50,114.38,Delivered,752,2,valid,,,
SH11978,Warehouse_CHI,Atlanta,USPS,2023-04-24,Apr 2023,2023-04-29,Apr 2023,31.30,291.05,Delivered,2030,5,valid,,,
SH10367,Warehouse_SF,Chicago,OnTrac,2023-04-25,Apr 2023,2023-05-01,May 2023,14.60,293.83,Delivered,2420,6,valid,,,
SH10415,Warehouse_ATL,Minneapolis,Amazon Logistics,2023-04-25,Apr 2023,2023-05-01,May 2023,331.70,242.34,Delivered,1727,6,valid,,,
SH10675,Warehouse_LA,Houston,LaserShip,2023-04-25,Apr 2023,2023-04-29,Apr 2023,37.80,199.44,Delivered,1314,4,valid,,,
SH11621,Warehouse_SF,Los Angeles,OnTrac,2023-04-25,Apr 2023,2023-04-27,Apr 2023,10.60,110.85,Delivered,752,2,valid,,,
SH11721,Warehouse_SEA,Portland,USPS,2023-04-25,Apr 2023,2023-04-26,Apr 2023,22.80,36.24,Delivered,101,1,valid,,,
SH10474,Warehouse_NYC,Minneapolis,USPS,2023-04-25,Apr 2023,2023-04-27,Apr 2023,29.60,84.55,Lost,515,2,valid,,,
SH10092,Warehouse_DEN,Los Angeles,LaserShip,2023-04-26,Apr 2023,2023-05-01,May 2023,16.00,277.61,Delivered,1950,5,valid,,,
SH10375,Warehouse_CHI,Atlanta,USPS,2023-04-26,Apr 2023,2023-05-02,May 2023,6.00,253.02,Delivered,2325,6,valid,,,
SH10789,Warehouse_LA,Dallas,OnTrac,2023-04-26,Apr 2023,2023-04-30,Apr 2023,26.30,200.48,Delivered,1435,4,valid,,,
SH11012,Warehouse_SEA,Houston,OnTrac,2023-04-26,Apr 2023,2023-05-02,May 2023,8.20,306.04,Delivered,2254,6,valid,,,
SH11455,Warehouse_BOS,Phoenix,USPS,2023-04-26,Apr 2023,2023-04-29,Apr 2023,11.50,62.46,Delivered,487,3,valid,,,
SH10025,Warehouse_NYC,Portland,UPS,2023-04-27,Apr 2023,2023-04-29,Apr 2023,40.00,124.29,Delivered,519,2,valid,,,
SH10336,Warehouse_SEA,Phoenix,Amazon Logistics,2023-04-27,Apr 2023,2023-04-30,Apr 2023,12.70,192.88,Delivered,1608,3,valid,,,
SH10758,Warehouse_HOU,Denver,UPS,2023-04-27,Apr 2023,,,12.10,140.94,Delivered,1030,3,invalid,,,
SH10934,Warehouse_SEA,San Francisco,USPS,2023-04-27,Apr 2023,2023-05-01,May 2023,26.90,221.10,Delivered,1796,4,valid,,,
SH11355,Warehouse_MIA,Denver,USPS,2023-04-27,Apr 2023,2023-05-02,May 2023,8.60,232.52,Delivered,2054,5,valid,,,
SH11562,Warehouse_SEA,Houston,DHL,2023-04-27,Apr 2023,2023-05-01,May 2023,28.80,151.25,Delivered,919,4,valid,,,
SH10224,Warehouse_MIA,Minneapolis,FedEx,2023-04-28,Apr 2023,2023-05-07,May 2023,14.10,87.12,Delayed,573,3,valid,,,
SH11515,Warehouse_HOU,New York,Amazon Logistics,2023-04-28,Apr 2023,2023-05-04,May 2023,27.70,131.18,Delayed,916,3,valid,,,
SH11962,Warehouse_LA,Phoenix,UPS,2023-04-28,Apr 2023,2023-05-07,May 2023,10.90,66.58,Delayed,373,4,valid,,,
SH10707,Warehouse_BOS,Houston,DHL,2023-04-28,Apr 2023,2023-05-01,May 2023,43.80,143.51,Delivered,632,3,valid,,,
SH10942,Warehouse_SF,New York,Amazon Logistics,2023-04-28,Apr 2023,2023-05-04,May 2023,10.10,221.55,Delivered,1943,6,valid,,,
SH11413,Warehouse_CHI,Chicago,DHL,2023-04-28,Apr 2023,2023-04-30,Apr 2023,5.80,71.35,Delivered,487,2,valid,,,
SH11543,Warehouse_SF,Miami,Amazon Logistics,2023-04-28,Apr 2023,2023-04-30,Apr 2023,12.00,43.35,Delivered,208,2,valid,,,
SH10234,Warehouse_HOU,Los Angeles,LaserShip,2023-04-28,Apr 2023,2023-05-01,May 2023,10.00,96.03,Returned,715,3,valid,,,
SH10571,Warehouse_MIA,Boston,DHL,2023-04-29,Apr 2023,2023-05-06,May 2023,33.70,363.72,Delivered,2255,7,valid,,,
SH10925,Warehouse_ATL,New York,OnTrac,2023-04-29,Apr 2023,2023-05-02,May 2023,24.20,107.33,Delivered,669,3,valid,,,
SH11026,Warehouse_LA,San Francisco,Amazon Logistics,2023-04-29,Apr 2023,2023-05-03,May 2023,25.30,172.77,Delivered,1260,4,valid,,,
SH11219,Warehouse_HOU,Minneapolis,DHL,2023-04-29,Apr 2023,2023-05-03,May 2023,48.20,262.05,Delivered,1272,4,valid,,,
SH11238,Warehouse_DEN,Los Angeles,USPS,2023-04-29,Apr 2023,2023-05-04,May 2023,81.20,243.39,Delivered,1220,5,valid,,,
SH11789,Warehouse_NYC,Chicago,UPS,2023-04-29,Apr 2023,2023-05-01,May 2023,7.90,99.83,Delivered,790,2,valid,,,
SH11642,Warehouse_MIA,Portland,USPS,2023-04-30,Apr 2023,2023-05-13,May 2023,37.00,211.45,Delayed,1433,4,valid,,,
SH10187,Warehouse_LA,New York,OnTrac,2023-04-30,Apr 2023,2023-05-02,May 2023,15.70,67.25,Delivered,411,2,valid,,,
SH11383,Warehouse_BOS,Los Angeles,Amazon Logistics,2023-04-30,Apr 2023,2023-05-04,May 2023,41.20,137.96,Delivered,813,4,valid,,,
SH11660,Warehouse_BOS,Miami,UPS,2023-04-30,Apr 2023,2023-05-05,May 2023,3.00,237.95,Delivered,1912,5,valid,,,
SH11755,Warehouse_SF,Phoenix,USPS,2023-04-30,Apr 2023,2023-05-05,May 2023,24.60,171.10,Delivered,1225,5,valid,,,
SH11773,Warehouse_LA,Chicago,OnTrac,2023-04-30,Apr 2023,2023-05-01,May 2023,27.00,79.51,Delivered,391,1,valid,,,
SH11232,Warehouse_CHI,Dallas,Amazon Logistics,2023-05-01,May 2023,2023-05-05,May 2023,9.70,120.40,Delivered,997,4,valid,,,
SH11472,Warehouse_DEN,San Francisco,OnTrac,2023-05-01,May 2023,2023-05-05,May 2023,11.30,176.58,Delivered,1360,4,valid,,,
SH11491,Warehouse_SEA,Boston,DHL,2023-05-01,May 2023,2023-05-07,May 2023,11.60,359.48,Delivered,2379,6,valid,,,
SH11785,Warehouse_NYC,Seattle,FedEx,2023-05-01,May 2023,2023-05-06,May 2023,45.70,206.40,Delivered,1025,5,valid,,,
SH11823,Warehouse_HOU,Boston,Amazon Logistics,2023-05-01,May 2023,2023-05-05,May 2023,7.50,208.84,Delivered,1642,4,valid,,,
SH11868,Warehouse_BOS,Boston,FedEx,2023-05-01,May 2023,2023-05-05,May 2023,5404.20,226.51,Delivered,1053,4,valid,,,
SH11715,Warehouse_SF,New York,FedEx,2023-05-01,May 2023,2023-05-09,May 2023,48.90,354.59,Lost,2059,8,valid,,,
SH10987,Warehouse_SEA,Denver,LaserShip,2023-05-02,May 2023,2023-05-06,May 2023,27.60,151.22,Delayed,1095,3,valid,,,
SH10743,Warehouse_HOU,Boston,LaserShip,2023-05-02,May 2023,2023-05-11,May 2023,22.80,342.44,Delivered,2380,9,valid,,,
SH11059,Warehouse_HOU,Seattle,FedEx,2023-05-02,May 2023,2023-05-06,May 2023,14.50,88.92,Delivered,581,4,valid,,,
SH11313,Warehouse_ATL,Houston,OnTrac,2023-05-02,May 2023,2023-05-09,May 2023,16.00,322.60,Delivered,2289,7,valid,,,
SH11898,Warehouse_CHI,Miami,LaserShip,2023-05-02,May 2023,2023-05-05,May 2023,20.50,171.02,Delivered,1350,3,valid,,,
SH10466,Warehouse_LA,New York,LaserShip,2023-05-03,May 2023,2023-05-08,May 2023,11.80,270.13,Delivered,2254,5,valid,,,
SH10794,Warehouse_MIA,Detroit,LaserShip,2023-05-03,May 2023,2023-05-07,May 2023,19.20,132.01,Delivered,810,4,valid,,,
SH11093,Warehouse_BOS,Portland,Amazon Logistics,2023-05-03,May 2023,2023-05-15,May 2023,7.70,226.92,Delivered,1895,12,valid,,,
SH11389,Warehouse_HOU,Boston,FedEx,2023-05-03,May 2023,2023-05-05,May 2023,27.10,105.17,Delivered,470,2,valid,,,
SH11252,Warehouse_SF,Atlanta,Amazon Logistics,2023-05-04,May 2023,2023-05-12,May 2023,40.50,236.11,Delayed,1756,4,valid,,,
SH11375,Warehouse_CHI,Atlanta,USPS,2023-05-04,May 2023,2023-05-15,May 2023,8.60,258.78,Delayed,2199,5,valid,,,
SH10157,Warehouse_SEA,Seattle,LaserShip,2023-05-04,May 2023,2023-05-06,May 2023,11.90,83.93,Delivered,561,2,valid,,,
SH10682,Warehouse_ATL,San Francisco,OnTrac,2023-05-04,May 2023,2023-05-06,May 2023,35.90,89.84,Delivered,348,2,valid,,,
SH11068,Warehouse_SEA,Dallas,UPS,2023-05-04,May 2023,2023-05-09,May 2023,11.60,196.42,Delivered,1463,5,valid,,,
SH11344,Warehouse_BOS,Detroit,USPS,2023-05-04,May 2023,2023-05-10,May 2023,18.70,264.01,Delivered,2316,6,valid,,,
SH10547,Warehouse_SF,Dallas,UPS,2023-05-04,May 2023,2023-05-06,May 2023,20.10,50.48,In Transit,210,2,valid,,,
SH11291,Warehouse_MIA,Minneapolis,Amazon Logistics,2023-05-04,May 2023,2023-05-09,May 2023,42.10,344.29,Returned,2219,5,valid,,,
SH10144,Warehouse_SEA,New York,USPS,2023-05-05,May 2023,2023-05-07,May 2023,19.20,81.43,Delivered,510,2,valid,,,
SH10409,Warehouse_BOS,New York,FedEx,2023-05-05,May 2023,2023-05-11,May 2023,6.30,267.55,Delivered,2108,6,valid,,,
SH11672,Warehouse_NYC,San Francisco,LaserShip,2023-05-05,May 2023,2023-05-12,May 2023,19.40,322.16,Delivered,2423,7,valid,,,
SH11691,Warehouse_SEA,Houston,DHL,2023-05-05,May 2023,2023-05-10,May 2023,19.00,224.15,Delivered,1402,5,valid,,,
SH11712,Warehouse_BOS,Chicago,UPS,2023-05-05,May 2023,2023-05-08,May 2023,11.70,99.97,Delivered,701,3,valid,,,
SH11979,Warehouse_SF,Portland,FedEx,2023-05-05,May 2023,2023-05-10,May 2023,54.60,307.90,Delivered,1675,5,valid,,,
SH10166,Warehouse_SEA,Minneapolis,FedEx,2023-05-06,May 2023,2023-05-11,May 2023,20.20,309.57,Delivered,1964,5,valid,,,
SH10750,Warehouse_LA,Portland,LaserShip,2023-05-06,May 2023,2023-05-11,May 2023,7.80,53.18,Delivered,402,5,valid,,,
SH11350,Warehouse_LA,Denver,DHL,2023-05-06,May 2023,2023-05-09,May 2023,4.10,168.66,Delivered,1178,3,valid,,,
SH11546,Warehouse_LA,New York,LaserShip,2023-05-06,May 2023,2023-05-09,May 2023,24.10,70.43,Delivered,295,3,valid,,,
SH11589,Warehouse_MIA,San Francisco,DHL,2023-05-06,May 2023,,,42.50,287.00,Delivered,1527,3,invalid,,,
SH11629,Warehouse_NYC,Minneapolis,Amazon Logistics,2023-05-06,May 2023,2023-05-07,May 2023,34.90,61.85,Delivered,197,1,valid,,,
SH11493,Warehouse_SF,Boston,UPS,2023-05-06,May 2023,2023-05-10,May 2023,33.30,236.83,Returned,1438,4,valid,,,
SH11363,Warehouse_LA,Chicago,DHL,2023-05-07,May 2023,2023-05-15,May 2023,18.70,286.31,Delayed,1743,5,valid,,,
SH10082,Warehouse_CHI,Denver,OnTrac,2023-05-07,May 2023,2023-05-09,May 2023,14.10,144.14,Delivered,1000,2,valid,,,
SH10727,Warehouse_DEN,Atlanta,USPS,2023-05-07,May 2023,2023-05-12,May 2023,6.20,25.02,Delivered,150,5,valid,,,
SH11541,Warehouse_SF,Phoenix,OnTrac,2023-05-07,May 2023,2023-05-12,May 2023,5.60,78.42,Delivered,636,5,valid,,,
SH11738,Warehouse_MIA,Miami,FedEx,2023-05-07,May 2023,2023-05-09,May 2023,0.20,88.88,Delivered,403,2,valid,,,
SH10044,Warehouse_CHI,San Francisco,OnTrac,2023-05-08,May 2023,2023-05-11,May 2023,4.70,49.68,Delivered,343,3,valid,,,
SH10432,Warehouse_HOU,San Francisco,FedEx,2023-05-08,May 2023,2023-05-12,May 2023,18.50,232.87,Delivered,1761,4,valid,,,
SH10552,Warehouse_MIA,New York,UPS,2023-05-08,May 2023,2023-05-11,May 2023,12.60,32.18,Delivered,121,3,valid,,,
SH10882,Warehouse_SF,Boston,DHL,2023-05-08,May 2023,2023-05-13,May 2023,18.10,236.64,Delivered,1504,5,valid,,,
SH11813,Warehouse_SEA,San Francisco,FedEx,2023-05-09,May 2023,2023-05-24,May 2023,16.60,285.36,Delayed,2126,7,valid,,,
SH11070,Warehouse_ATL,Minneapolis,FedEx,2023-05-09,May 2023,2023-05-11,May 2023,21.90,101.98,Delivered,506,2,valid,,,
SH11161,Warehouse_CHI,Denver,LaserShip,2023-05-09,May 2023,2023-05-12,May 2023,67.40,220.93,Delivered,1000,3,valid,,,
SH11484,Warehouse_LA,Los Angeles,FedEx,2023-05-09,May 2023,2023-05-13,May 2023,12.00,178.39,Delivered,1377,4,valid,,,
SH11062,Warehouse_HOU,Detroit,DHL,2023-05-10,May 2023,2023-05-22,May 2023,31.30,323.10,Delayed,1873,5,valid,,,
SH11977,Warehouse_CHI,Houston,UPS,2023-05-10,May 2023,2023-05-23,May 2023,29.60,300.77,Delayed,2345,6,valid,,,
SH10015,Warehouse_DEN,Minneapolis,OnTrac,2023-05-10,May 2023,2023-05-16,May 2023,28.60,221.21,Delivered,1489,6,valid,,,
SH10098,Warehouse_BOS,Miami,OnTrac,2023-05-10,May 2023,2023-05-15,May 2023,11.10,273.63,Delivered,2053,5,valid,,,
SH10798,Warehouse_HOU,Minneapolis,Amazon Logistics,2023-05-10,May 2023,2023-05-16,May 2023,12.30,306.20,Delivered,2458,6,valid,,,
SH10054,Warehouse_DEN,Minneapolis,LaserShip,2023-05-11,May 2023,2023-05-17,May 2023,31.60,283.13,Delivered,2249,6,valid,,,
SH11191,Warehouse_SF,San Francisco,OnTrac,2023-05-11,May 2023,2023-05-16,May 2023,39.30,186.59,Delivered,1317,5,valid,,,
SH11818,Warehouse_BOS,Detroit,OnTrac,2023-05-11,May 2023,2023-05-19,May 2023,34.60,319.66,Delivered,2216,8,valid,,,
SH11826,Warehouse_MIA,Chicago,FedEx,2023-05-11,May 2023,2023-05-15,May 2023,17.80,263.77,Delivered,1657,4,valid,,,
SH10228,Warehouse_SEA,Boston,DHL,2023-05-11,May 2023,2023-05-14,May 2023,10.80,188.69,In Transit,1329,3,valid,,,
SH10551,Warehouse_DEN,Detroit,FedEx,2023-05-12,May 2023,2023-05-16,May 2023,20.30,228.90,Delivered,1383,4,valid,,,
SH11017,Warehouse_ATL,Dallas,OnTrac,2023-05-12,May 2023,2023-05-18,May 2023,50.30,257.68,Delivered,1485,6,valid,,,
SH11903,Warehouse_HOU,Atlanta,FedEx,2023-05-12,May 2023,2023-05-15,May 2023,18.90,122.95,Delivered,800,3,valid,,,
SH10998,Warehouse_ATL,Denver,DHL,2023-05-13,May 2023,2023-05-16,May 2023,14.90,55.89,Delayed,228,2,valid,,,
SH10041,Warehouse_NYC,Los Angeles,UPS,2023-05-13,May 2023,2023-05-17,May 2023,31.90,263.06,Delivered,1696,4,valid,,,
SH10354,Warehouse_CHI,Los Angeles,UPS,2023-05-13,May 2023,2023-05-20,May 2023,13.70,341.16,Delivered,2361,7,valid,,,
SH10572,Warehouse_SF,Atlanta,UPS,2023-05-13,May 2023,2023-05-22,May 2023,58.40,196.37,Delivered,962,9,valid,,,
SH10863,Warehouse_NYC,Boston,Amazon Logistics,2023-05-13,May 2023,2023-05-15,May 2023,85.20,135.67,Delivered,215,2,valid,,,
SH11200,Warehouse_HOU,Los Angeles,LaserShip,2023-05-13,May 2023,2023-05-19,May 2023,19.80,271.24,Delivered,1945,6,valid,,,
SH11230,Warehouse_HOU,Chicago,Amazon Logistics,2023-05-13,May 2023,2023-05-16,May 2023,17.80,122.76,Delivered,809,3,valid,,,
SH11446,Warehouse_BOS,Denver,FedEx,2023-05-13,May 2023,2023-05-16,May 2023,30.60,83.44,Delivered,306,3,valid,,,
SH11538,Warehouse_CHI,Miami,FedEx,2023-05-13,May 2023,2023-05-17,May 2023,179.10,216.48,Delivered,1350,4,valid,,,
SH11766,Warehouse_BOS,Los Angeles,OnTrac,2023-05-13,May 2023,2023-05-18,May 2023,24.40,321.82,Delivered,2429,5,valid,,,
SH11901,Warehouse_ATL,Seattle,Amazon Logistics,2023-05-13,May 2023,2023-05-18,May 2023,17.20,247.67,Delivered,2018,5,valid,,,
SH10159,Warehouse_HOU,Portland,UPS,2023-05-14,May 2023,2023-05-23,May 2023,32.20,334.49,Delivered,2453,9,valid,,,
SH10195,Warehouse_LA,Houston,LaserShip,2023-05-14,May 2023,2023-05-18,May 2023,15.50,174.55,Delivered,1247,4,valid,,,
SH10154,Warehouse_MIA,Minneapolis,DHL,2023-05-15,May 2023,,,55.30,362.11,Delivered,2192,6,invalid,,,
SH11096,Warehouse_NYC,Phoenix,FedEx,2023-05-15,May 2023,2023-05-21,May 2023,7.10,304.96,Delivered,2397,6,valid,,,
SH11653,Warehouse_SEA,Detroit,DHL,2023-05-15,May 2023,2023-05-17,May 2023,16.20,75.07,Delivered,369,2,valid,,,
SH11697,Warehouse_NYC,Minneapolis,OnTrac,2023-05-15,May 2023,2023-05-18,May 2023,30.80,84.89,Delivered,433,3,valid,,,
SH11643,Warehouse_ATL,Detroit,OnTrac,2023-05-15,May 2023,2023-05-17,May 2023,33.80,134.61,Lost,775,2,valid,,,
SH10574,Warehouse_CHI,Detroit,LaserShip,2023-05-16,May 2023,2023-05-17,May 2023,37.40,72.51,Delivered,283,1,valid,,,
SH10988,Warehouse_DEN,Atlanta,FedEx,2023-05-16,May 2023,2023-05-18,May 2023,16.00,70.65,Delivered,336,2,valid,,,
SH11277,Warehouse_LA,Minneapolis,USPS,2023-05-16,May 2023,2023-05-23,May 2023,24.00,307.61,Delivered,2479,7,valid,,,
SH11527,Warehouse_CHI,Los Angeles,Amazon Logistics,2023-05-16,May 2023,2023-05-18,May 2023,64.70,105.03,Delivered,268,2,valid,,,
SH11808,Warehouse_HOU,San Francisco,OnTrac,2023-05-16,May 2023,2023-05-23,May 2023,15.70,318.84,Delivered,2321,7,valid,,,
SH11983,Warehouse_SEA,Atlanta,Amazon Logistics,2023-05-16,May 2023,2023-05-17,May 2023,36.50,58.02,Delivered,145,1,valid,,,
SH11234,Warehouse_LA,Dallas,DHL,2023-05-17,May 2023,2023-05-23,May 2023,6.20,210.74,Delayed,1435,5,valid,,,
SH10538,Warehouse_ATL,New York,LaserShip,2023-05-17,May 2023,2023-05-18,May 2023,55.60,101.32,Delivered,357,1,valid,,,
SH10704,Warehouse_BOS,San Francisco,FedEx,2023-05-17,May 2023,2023-05-22,May 2023,11.90,34.31,Delivered,2440,5,valid,,,
SH10766,Warehouse_MIA,Phoenix,LaserShip,2023-05-17,May 2023,2023-05-21,May 2023,10.80,125.78,Delivered,912,4,valid,,,
SH10890,Warehouse_DEN,San Francisco,OnTrac,2023-05-17,May 2023,2023-05-21,May 2023,20.60,219.02,Delivered,1611,4,valid,,,
SH11471,Warehouse_BOS,Atlanta,OnTrac,2023-05-17,May 2023,2023-05-21,May 2023,20.10,74.85,Delivered,451,4,valid,,,
SH11679,Warehouse_SF,Phoenix,USPS,2023-05-17,May 2023,2023-05-18,May 2023,18.30,31.27,Delivered,117,1,valid,,,
SH11850,Warehouse_SEA,Portland,LaserShip,2023-05-17,May 2023,2023-05-23,May 2023,16.60,261.31,Delivered,2220,6,valid,,,
SH11909,Warehouse_CHI,Chicago,Amazon Logistics,2023-05-17,May 2023,2023-05-23,May 2023,16.60,256.68,Returned,1995,6,valid,,,
SH10209,Warehouse_BOS,Phoenix,DHL,2023-05-18,May 2023,2023-06-04,Jun 2023,8.70,121.73,Delayed,737,4,valid,,,
SH10117,Warehouse_CHI,Minneapolis,Amazon Logistics,2023-05-18,May 2023,2023-05-22,May 2023,14.00,171.55,Delivered,1323,4,valid,,,
SH10122,Warehouse_HOU,New York,Amazon Logistics,2023-05-18,May 2023,2023-05-25,May 2023,14.40,280.59,Delivered,2399,7,valid,,,
SH10219,Warehouse_BOS,Dallas,Amazon Logistics,2023-05-18,May 2023,2023-05-20,May 2023,38.10,120.04,Delivered,603,2,valid,,,
SH10636,Warehouse_CHI,Minneapolis,DHL,2023-05-18,May 2023,,,8.00,164.55,Delivered,1019,3,invalid,,,
SH10637,Warehouse_DEN,Boston,LaserShip,2023-05-18,May 2023,2023-05-20,May 2023,29.90,95.19,Delivered,508,2,valid,,,
SH11748,Warehouse_ATL,San Francisco,UPS,2023-05-18,May 2023,2023-05-23,May 2023,20.90,267.89,Delivered,2032,5,valid,,,
SH10944,Warehouse_NYC,Phoenix,USPS,2023-05-18,May 2023,,,55.40,237.06,In Transit,1644,5,invalid,,,
SH10256,Warehouse_DEN,Miami,DHL,2023-05-19,May 2023,2023-05-22,May 2023,34.90,102.14,Delivered,420,3,valid,,,
SH10967,Warehouse_BOS,Seattle,FedEx,2023-05-19,May 2023,2023-05-24,May 2023,26.60,302.89,Delivered,1841,5,valid,,,
SH11405,Warehouse_SEA,Phoenix,Amazon Logistics,2023-05-19,May 2023,2023-05-21,May 2023,20.30,86.78,Delivered,544,2,valid,,,
SH11616,Warehouse_DEN,Atlanta,LaserShip,2023-05-19,May 2023,2023-05-24,May 2023,49.90,288.11,Delivered,2067,5,valid,,,
SH11438,Warehouse_HOU,San Francisco,Amazon Logistics,2023-05-19,May 2023,2023-05-22,May 2023,47.30,144.28,Lost,854,3,valid,,,
SH10917,Warehouse_BOS,Portland,Amazon Logistics,2023-05-20,May 2023,2023-05-24,May 2023,20.00,254.01,Delivered,1767,4,valid,,,
SH11466,Warehouse_BOS,Minneapolis,LaserShip,2023-05-20,May 2023,2023-05-23,May 2023,14.00,184.53,Delivered,1408,3,valid,,,
SH11684,Warehouse_NYC,San Francisco,USPS,2023-05-20,May 2023,2023-05-26,May 2023,21.50,271.82,Delivered,2202,6,valid,,,
SH10422,Warehouse_DEN,Los Angeles,LaserShip,2023-05-20,May 2023,2023-05-24,May 2023,7.10,26.87,In Transit,164,4,valid,,,
SH10991,Warehouse_DEN,Seattle,FedEx,2023-05-20,May 2023,2023-05-26,May 2023,24.20,223.55,In Transit,1524,6,valid,,,
SH10929,Warehouse_SEA,Minneapolis,USPS,2023-05-21,May 2023,2023-05-26,May 2023,32.50,252.22,Delivered,2107,5,valid,,,
SH11386,Warehouse_SEA,Denver,LaserShip,2023-05-21,May 2023,2023-05-27,May 2023,6.50,206.26,Delivered,1816,6,valid,,,
SH11720,Warehouse_SF,Denver,FedEx,2023-05-21,May 2023,2023-05-24,May 2023,19.40,143.96,Delivered,854,3,valid,,,
SH11890,Warehouse_SF,Seattle,DHL,2023-05-21,May 2023,2023-05-28,May 2023,29.50,326.18,Delivered,2273,7,valid,,,
SH11912,Warehouse_LA,Portland,UPS,2023-05-21,May 2023,2023-05-28,May 2023,14.60,1597.99,Delivered,2187,7,valid,,,
SH10598,Warehouse_DEN,Dallas,Amazon Logistics,2023-05-22,May 2023,2023-05-26,May 2023,14.60,187.56,Delivered,1525,4,valid,,,
SH10836,Warehouse_CHI,Miami,FedEx,2023-05-22,May 2023,2023-05-25,May 2023,12.30,199.26,Delivered,1350,3,valid,,,
SH11858,Warehouse_ATL,Minneapolis,UPS,2023-05-22,May 2023,2023-05-30,May 2023,12.40,345.97,Delivered,2449,8,valid,,,
SH11034,Warehouse_DEN,San Francisco,FedEx,2023-05-22,May 2023,2023-05-27,May 2023,22.60,256.62,In Transit,1708,5,valid,,,
SH11243,Warehouse_HOU,Seattle,DHL,2023-05-22,May 2023,2023-05-27,May 2023,37.40,350.17,In Transit,2290,5,valid,,,
SH10149,Warehouse_LA,New York,DHL,2023-05-22,May 2023,2023-06-07,Jun 2023,38.20,151.35,Lost,775,3,valid,,,
SH10062,Warehouse_SEA,Detroit,FedEx,2023-05-23,May 2023,2023-06-10,Jun 2023,61.90,316.41,Delayed,1914,5,valid,,,
SH10590,Warehouse_HOU,Boston,DHL,2023-05-23,May 2023,2023-06-04,Jun 2023,16.20,219.44,Delayed,1509,4,valid,,,
SH11673,Warehouse_BOS,Dallas,LaserShip,2023-05-23,May 2023,2023-05-27,May 2023,4.70,228.78,Delivered,1732,4,valid,,,
SH11973,Warehouse_NYC,Houston,FedEx,2023-05-23,May 2023,2023-05-27,May 2023,16.10,252.26,Delivered,1711,4,valid,,,
SH10111,Warehouse_SF,New York,FedEx,2023-05-24,May 2023,2023-05-29,May 2023,19.20,273.26,Delivered,1810,5,valid,,,
SH10235,Warehouse_NYC,Phoenix,UPS,2023-05-24,May 2023,2023-05-28,May 2023,25.90,285.87,Delivered,1956,4,valid,,,
SH10242,Warehouse_SEA,Houston,LaserShip,2023-05-24,May 2023,2023-05-28,May 2023,8.70,188.16,Delivered,1590,4,valid,,,
SH10298,Warehouse_LA,Los Angeles,USPS,2023-05-24,May 2023,2023-05-30,May 2023,20.00,255.06,Delivered,2144,6,valid,,,
SH11094,Warehouse_ATL,Miami,Amazon Logistics,2023-05-24,May 2023,2023-05-28,May 2023,31.70,134.57,Delivered,862,4,valid,,,
SH11095,Warehouse_SF,New York,DHL,2023-05-24,May 2023,2023-05-28,May 2023,15.30,271.25,Delivered,1709,4,valid,,,
SH11495,Warehouse_LA,Chicago,Amazon Logistics,2023-05-24,May 2023,2023-05-28,May 2023,29.90,235.86,Delivered,1581,4,valid,,,
SH11612,Warehouse_LA,Boston,OnTrac,2023-05-24,May 2023,2023-05-27,May 2023,39.60,95.86,Delivered,378,3,valid,,,
SH11630,Warehouse_DEN,Chicago,OnTrac,2023-05-24,May 2023,2023-05-29,May 2023,8.10,174.87,Delivered,1325,5,valid,,,
SH11763,Warehouse_LA,Denver,LaserShip,2023-05-24,May 2023,2023-05-28,May 2023,41.40,251.14,Delivered,1801,4,valid,,,
SH10735,Warehouse_BOS,Houston,FedEx,2023-05-25,May 2023,2023-05-29,May 2023,6.60,199.12,Delivered,1370,4,valid,,,
SH11431,Warehouse_LA,Houston,OnTrac,2023-05-25,May 2023,2023-05-26,May 2023,30.60,48.89,Delivered,146,1,valid,,,
SH11646,Warehouse_ATL,Phoenix,OnTrac,2023-05-25,May 2023,2023-05-28,May 2023,29.20,126.94,Delivered,680,3,valid,,,
SH11816,Warehouse_MIA,Minneapolis,DHL,2023-05-25,May 2023,2023-05-30,May 2023,17.70,326.90,Delivered,2208,5,valid,,,
SH11889,Warehouse_MIA,Detroit,DHL,2023-05-25,May 2023,2023-06-01,Jun 2023,32.80,303.32,Delivered,2012,7,valid,,,
SH10588,Warehouse_MIA,Seattle,Amazon Logistics,2023-05-26,May 2023,2023-06-09,Jun 2023,17.50,144.25,Delayed,1003,3,valid,,,
SH11706,Warehouse_NYC,Portland,LaserShip,2023-05-26,May 2023,2023-06-01,Jun 2023,50.60,328.01,Delivered,2388,6,valid,,,
SH10131,Warehouse_SF,Seattle,OnTrac,2023-05-26,May 2023,2023-06-02,Jun 2023,19.20,253.39,Returned,2048,7,valid,,,
SH10150,Warehouse_SF,Phoenix,LaserShip,2023-05-27,May 2023,2023-06-01,Jun 2023,11.60,278.85,Delivered,2080,5,valid,,,
SH10259,Warehouse_LA,Minneapolis,UPS,2023-05-27,May 2023,2023-06-01,Jun 2023,10.40,204.87,Delivered,1486,5,valid,,,
SH10964,Warehouse_CHI,Chicago,USPS,2023-05-27,May 2023,2023-05-29,May 2023,7.20,,Delivered,858,2,valid,,,
SH10011,Warehouse_ATL,Boston,Amazon Logistics,2023-05-28,May 2023,2023-06-04,Jun 2023,38.20,357.12,Delayed,2366,6,valid,,,
SH10292,Warehouse_LA,New York,FedEx,2023-05-28,May 2023,2023-06-02,Jun 2023,18.40,302.47,Delivered,2280,5,valid,,,
SH11014,Warehouse_ATL,Denver,FedEx,2023-05-28,May 2023,2023-06-03,Jun 2023,78.70,309.33,Delivered,1394,6,valid,,,
SH11253,Warehouse_CHI,Portland,USPS,2023-05-28,May 2023,2023-06-01,Jun 2023,9.90,150.46,Delivered,1129,4,valid,,,
SH11489,Warehouse_CHI,Denver,UPS,2023-05-28,May 2023,2023-06-01,Jun 2023,15.80,152.20,Delivered,1000,4,valid,,,
SH11511,Warehouse_LA,New York,UPS,2023-05-28,May 2023,2023-05-30,May 2023,29.30,95.51,Delivered,458,2,valid,,,
SH11797,Warehouse_NYC,Chicago,USPS,2023-05-28,May 2023,2023-05-30,May 2023,19.50,122.68,Delivered,790,2,valid,,,
SH10601,Warehouse_LA,New York,Amazon Logistics,2023-05-29,May 2023,2023-06-04,Jun 2023,19.90,316.03,Delivered,2488,6,valid,,,
SH10197,Warehouse_BOS,San Francisco,USPS,2023-05-30,May 2023,2023-06-07,Jun 2023,15.30,300.44,Delayed,2406,7,valid,,,
SH10294,Warehouse_DEN,Atlanta,UPS,2023-05-30,May 2023,2023-06-04,Jun 2023,4.10,237.12,Delivered,1790,5,valid,,,
SH10889,Warehouse_LA,Phoenix,OnTrac,2023-05-30,May 2023,2023-06-02,Jun 2023,9.40,61.04,Delivered,373,3,valid,,,
SH11112,Warehouse_HOU,Houston,USPS,2023-05-30,May 2023,2023-05-31,May 2023,24.20,44.49,Delivered,134,1,valid,,,
SH11796,Warehouse_MIA,Portland,USPS,2023-05-30,May 2023,2023-06-01,Jun 2023,13.10,82.17,Delivered,645,2,valid,,,
SH10069,Warehouse_SEA,Houston,FedEx,2023-05-31,May 2023,2023-06-04,Jun 2023,35.70,180.20,Delivered,989,4,valid,,,
SH10638,Warehouse_CHI,Houston,LaserShip,2023-05-31,May 2023,2023-06-06,Jun 2023,22.50,304.07,Delivered,2165,6,valid,,,
SH10822,Warehouse_NYC,Dallas,OnTrac,2023-05-31,May 2023,2023-06-04,Jun 2023,21.40,73.84,Delivered,350,4,valid,,,
SH10918,Warehouse_MIA,Phoenix,FedEx,2023-05-31,May 2023,2023-06-07,Jun 2023,35.90,140.38,Delivered,788,7,valid,,,
SH11077,Warehouse_ATL,Phoenix,USPS,2023-05-31,May 2023,2023-06-02,Jun 2023,21.10,49.80,Delivered,270,2,valid,,,
SH11262,Warehouse_LA,Portland,USPS,2023-05-31,May 2023,2023-06-03,Jun 2023,70.50,159.12,Delivered,800,3,valid,,,
SH11520,Warehouse_HOU,Dallas,Amazon Logistics,2023-05-31,May 2023,2023-06-02,Jun 2023,28.20,103.67,Delivered,599,2,valid,,,
SH11522,Warehouse_SF,San Francisco,DHL,2023-05-31,May 2023,2023-06-08,Jun 2023,10.80,271.64,Delivered,1974,8,valid,,,
SH11762,Warehouse_CHI,Chicago,USPS,2023-05-31,May 2023,2023-06-05,Jun 2023,85.10,391.46,Delivered,2467,5,valid,,,
SH11861,Warehouse_SEA,Detroit,OnTrac,2023-05-31,May 2023,2023-06-05,Jun 2023,46.60,122.94,Delivered,510,5,valid,,,
SH10394,Warehouse_LA,Portland,FedEx,2023-06-01,Jun 2023,2023-06-07,Jun 2023,54.40,284.26,Delivered,1616,6,valid,,,
SH10772,Warehouse_LA,San Francisco,USPS,2023-06-01,Jun 2023,2023-06-04,Jun 2023,43.90,222.74,Delivered,1342,3,valid,,,
SH10801,Warehouse_SF,Boston,Amazon Logistics,2023-06-01,Jun 2023,2023-06-07,Jun 2023,24.80,213.13,Delivered,1683,6,valid,,,
SH11392,Warehouse_BOS,Phoenix,OnTrac,2023-06-01,Jun 2023,2023-06-07,Jun 2023,14.80,319.39,Delivered,2384,6,valid,,,
SH10315,Warehouse_DEN,New York,FedEx,2023-06-01,Jun 2023,2023-06-06,Jun 2023,16.20,301.84,In Transit,2209,5,valid,,,
SH10036,Warehouse_ATL,Los Angeles,FedEx,2023-06-02,Jun 2023,2023-06-18,Jun 2023,27.90,123.81,Delayed,659,3,valid,,,
SH10665,Warehouse_LA,Dallas,Amazon Logistics,2023-06-02,Jun 2023,2023-06-06,Jun 2023,25.00,220.62,Delivered,1435,4,valid,,,
SH11388,Warehouse_DEN,Phoenix,DHL,2023-06-02,Jun 2023,2023-06-04,Jun 2023,23.60,159.12,Delivered,998,2,valid,,,
SH11677,Warehouse_HOU,Atlanta,OnTrac,2023-06-03,Jun 2023,2023-06-17,Jun 2023,43.60,155.15,Delayed,800,4,valid,,,
SH10004,Warehouse_SF,Dallas,OnTrac,2023-06-03,Jun 2023,2023-06-06,Jun 2023,7.90,120.01,Delivered,1017,3,valid,,,
SH10331,Warehouse_NYC,Houston,UPS,2023-06-03,Jun 2023,2023-06-07,Jun 2023,67.90,253.84,Delivered,1154,4,valid,,,
SH10603,Warehouse_NYC,Dallas,FedEx,2023-06-03,Jun 2023,2023-06-06,Jun 2023,4.20,45.59,Delivered,341,3,valid,,,
SH10804,Warehouse_BOS,Chicago,DHL,2023-06-03,Jun 2023,2023-06-05,Jun 2023,19.20,,Delivered,285,2,valid,,,
SH10876,Warehouse_BOS,Houston,USPS,2023-06-03,Jun 2023,2023-06-08,Jun 2023,11.60,214.12,Delivered,1624,5,valid,,,
SH10976,Warehouse_HOU,New York,UPS,2023-06-03,Jun 2023,2023-06-09,Jun 2023,17.70,309.30,Delivered,2198,6,valid,,,
SH11533,Warehouse_ATL,Phoenix,USPS,2023-06-03,Jun 2023,2023-06-06,Jun 2023,41.90,108.73,Delivered,501,3,valid,,,
SH11729,Warehouse_LA,Miami,OnTrac,2023-06-03,Jun 2023,2023-06-07,Jun 2023,8.70,124.66,Delivered,1035,4,valid,,,
SH10473,Warehouse_MIA,Atlanta,FedEx,2023-06-04,Jun 2023,2023-06-09,Jun 2023,27.70,237.60,Delivered,1363,5,valid,,,
SH10583,Warehouse_CHI,San Francisco,FedEx,2023-06-04,Jun 2023,2023-06-07,Jun 2023,15.90,200.58,Delivered,1412,3,valid,,,
SH10584,Warehouse_ATL,Chicago,DHL,2023-06-04,Jun 2023,2023-06-07,Jun 2023,19.80,44.00,Delivered,110,3,valid,,,
SH10871,Warehouse_MIA,Seattle,Amazon Logistics,2023-06-04,Jun 2023,2023-06-10,Jun 2023,81.90,300.38,Delivered,1836,6,valid,,,
SH11540,Warehouse_ATL,Minneapolis,DHL,2023-06-04,Jun 2023,2023-06-10,Jun 2023,5.80,338.34,Delivered,2466,6,valid,,,
SH11865,Warehouse_MIA,New York,USPS,2023-06-04,Jun 2023,2023-06-07,Jun 2023,24.80,140.88,Lost,944,3,valid,,,
SH10607,Warehouse_ATL,Dallas,FedEx,2023-06-05,Jun 2023,2023-06-10,Jun 2023,11.40,179.35,Delivered,1151,5,valid,,,
SH11428,Warehouse_CHI,Seattle,UPS,2023-06-05,Jun 2023,,,17.70,258.44,Delivered,1911,9,invalid,,,
SH11758,Warehouse_BOS,Seattle,UPS,2023-06-05,Jun 2023,2023-06-07,Jun 2023,13.10,85.44,Delivered,610,2,valid,,,
SH10417,Warehouse_NYC,Dallas,LaserShip,2023-06-06,Jun 2023,2023-06-14,Jun 2023,21.60,221.42,Delayed,1619,4,valid,,,
SH10365,Warehouse_SF,Portland,DHL,2023-06-06,Jun 2023,2023-06-10,Jun 2023,21.10,141.98,Delivered,847,4,valid,,,
SH10896,Warehouse_MIA,Portland,LaserShip,2023-06-06,Jun 2023,2023-06-08,Jun 2023,14.10,42.48,Delivered,181,2,valid,,,
SH10113,Warehouse_CHI,Chicago,USPS,2023-06-07,Jun 2023,2023-06-13,Jun 2023,38.10,272.16,Delivered,1953,6,valid,,,
SH10178,Warehouse_MIA,Portland,FedEx,2023-06-07,Jun 2023,2023-06-10,Jun 2023,14.10,137.25,Delivered,810,3,valid,,,
SH10215,Warehouse_DEN,Minneapolis,OnTrac,2023-06-07,Jun 2023,2023-06-12,Jun 2023,21.90,,Delivered,1719,5,valid,,,
SH10691,Warehouse_BOS,Minneapolis,Amazon Logistics,2023-06-07,Jun 2023,2023-06-10,Jun 2023,14.50,174.22,Delivered,1208,3,valid,,,
SH11047,Warehouse_SEA,Denver,UPS,2023-06-07,Jun 2023,2023-06-12,Jun 2023,34.30,295.73,Delivered,2017,5,valid,,,
SH11767,Warehouse_SF,Detroit,UPS,2023-06-07,Jun 2023,2023-06-12,Jun 2023,6.10,279.81,Delivered,2102,5,valid,,,
SH11271,Warehouse_BOS,Detroit,UPS,2023-06-08,Jun 2023,2023-06-10,Jun 2023,10.50,56.72,Delivered,329,2,valid,,,
SH11298,Warehouse_NYC,Detroit,FedEx,2023-06-08,Jun 2023,2023-06-16,Jun 2023,17.30,325.14,Delivered,2398,8,valid,,,
SH11728,Warehouse_HOU,New York,FedEx,2023-06-08,Jun 2023,2023-06-13,Jun 2023,11.80,116.39,Delivered,835,5,valid,,,
SH10017,Warehouse_LA,San Francisco,OnTrac,2023-06-08,Jun 2023,2023-06-11,Jun 2023,43.20,80.60,In Transit,223,3,valid,,,
SH11036,Warehouse_CHI,Phoenix,OnTrac,2023-06-09,Jun 2023,2023-06-23,Jun 2023,18.40,156.75,Delayed,1064,5,valid,,,
SH11954,Warehouse_DEN,Denver,FedEx,2023-06-09,Jun 2023,2023-06-12,Jun 2023,24.00,103.60,Delayed,506,2,valid,,,
SH10363,Warehouse_DEN,Los Angeles,UPS,2023-06-09,Jun 2023,2023-06-15,Jun 2023,33.10,283.18,Delivered,1885,6,valid,,,
SH10373,Warehouse_ATL,Detroit,USPS,2023-06-09,Jun 2023,2023-06-15,Jun 2023,37.90,236.61,Delivered,1884,6,valid,,,
SH10454,Warehouse_NYC,San Francisco,FedEx,2023-06-09,Jun 2023,2023-06-15,Jun 2023,8.10,119.16,Delivered,906,6,valid,,,
SH10492,Warehouse_CHI,Seattle,USPS,2023-06-09,Jun 2023,2023-06-13,Jun 2023,16.90,213.15,Delivered,1844,4,valid,,,
SH11227,Warehouse_MIA,New York,UPS,2023-06-09,Jun 2023,2023-06-16,Jun 2023,17.40,250.19,Delivered,1839,7,valid,,,
SH11403,Warehouse_BOS,New York,LaserShip,2023-06-09,Jun 2023,2023-06-15,Jun 2023,38.80,361.92,Delivered,2362,6,valid,,,
SH11993,Warehouse_CHI,Boston,DHL,2023-06-09,Jun 2023,2023-06-15,Jun 2023,10.30,355.32,Delivered,2350,6,valid,,,
SH11176,Warehouse_ATL,Portland,FedEx,2023-06-09,Jun 2023,2023-06-10,Jun 2023,13.10,32.11,In Transit,131,1,valid,,,
SH11030,Warehouse_SF,Detroit,OnTrac,2023-06-10,Jun 2023,2023-06-17,Jun 2023,17.30,300.85,Delivered,2372,7,valid,,,
SH11032,Warehouse_SF,Seattle,UPS,2023-06-10,Jun 2023,2023-06-12,Jun 2023,27.30,54.83,Delivered,128,2,valid,,,
SH11130,Warehouse_NYC,Dallas,DHL,2023-06-10,Jun 2023,2023-06-11,Jun 2023,18.20,77.40,Delivered,361,1,valid,,,
SH11318,Warehouse_CHI,Seattle,USPS,2023-06-10,Jun 2023,2023-06-16,Jun 2023,16.90,281.93,Delivered,2329,6,valid,,,
SH10067,Warehouse_SEA,Seattle,DHL,2023-06-11,Jun 2023,2023-06-14,Jun 2023,42.30,195.98,Delivered,998,3,valid,,,
SH11013,Warehouse_LA,Atlanta,FedEx,2023-06-11,Jun 2023,2023-06-16,Jun 2023,37.60,305.62,Delivered,1761,5,valid,,,
SH11217,Warehouse_SEA,Seattle,LaserShip,2023-06-11,Jun 2023,2023-06-16,Jun 2023,80.80,209.48,Delivered,805,5,valid,,,
SH11663,Warehouse_SF,Portland,LaserShip,2023-06-11,Jun 2023,2023-06-17,Jun 2023,34.30,296.22,Delivered,1916,6,valid,,,
SH10673,Warehouse_NYC,Seattle,LaserShip,2023-06-12,Jun 2023,2023-06-17,Jun 2023,13.90,131.13,Delivered,872,5,valid,,,
SH10800,Warehouse_HOU,Miami,UPS,2023-06-12,Jun 2023,2023-06-17,Jun 2023,9.90,282.29,Delivered,2114,5,valid,,,
SH10837,Warehouse_DEN,San Francisco,USPS,2023-06-12,Jun 2023,2023-06-16,Jun 2023,7.50,165.29,Delivered,1323,4,valid,,,
SH11532,Warehouse_SF,Houston,LaserShip,2023-06-12,Jun 2023,2023-06-15,Jun 2023,35.40,,Delivered,1203,3,valid,,,
SH11636,Warehouse_ATL,Chicago,LaserShip,2023-06-12,Jun 2023,2023-06-15,Jun 2023,21.30,91.45,Delivered,587,3,valid,,,
SH10427,Warehouse_LA,Phoenix,USPS,2023-06-13,Jun 2023,2023-06-14,Jun 2023,1062.20,51.54,Delivered,373,1,valid,,,
SH10528,Warehouse_ATL,San Francisco,OnTrac,2023-06-13,Jun 2023,2023-06-16,Jun 2023,34.70,183.65,Delivered,1055,3,valid,,,
SH11893,Warehouse_ATL,Chicago,DHL,2023-06-13,Jun 2023,2023-06-17,Jun 2023,37.00,279.20,Delivered,1506,4,valid,,,
SH10965,Warehouse_ATL,San Francisco,DHL,2023-06-13,Jun 2023,2023-06-20,Jun 2023,24.20,318.03,In Transit,2036,7,valid,,,
SH10288,Warehouse_DEN,Detroit,UPS,2023-06-14,Jun 2023,2023-06-16,Jun 2023,24.50,142.73,Delivered,926,2,valid,,,
SH10397,Warehouse_ATL,Detroit,Amazon Logistics,2023-06-14,Jun 2023,,,58.00,90.41,Delivered,196,2,invalid,,,
SH10414,Warehouse_LA,Dallas,Amazon Logistics,2023-06-14,Jun 2023,2023-06-18,Jun 2023,33.80,204.10,Delivered,1435,4,valid,,,
SH10592,Warehouse_MIA,Los Angeles,OnTrac,2023-06-14,Jun 2023,2023-06-15,Jun 2023,9.40,59.03,Delivered,377,1,valid,,,
SH11700,Warehouse_ATL,Los Angeles,USPS,2023-06-14,Jun 2023,2023-06-19,Jun 2023,45.30,234.57,Delivered,1464,5,valid,,,
SH11042,Warehouse_SF,Miami,OnTrac,2023-06-15,Jun 2023,2023-06-23,Jun 2023,16.40,264.86,Delayed,1947,4,valid,,,
SH11716,Warehouse_SEA,Portland,OnTrac,2023-06-15,Jun 2023,2023-06-24,Jun 2023,108.80,368.09,Delayed,1857,5,valid,,,
SH10390,Warehouse_SEA,Dallas,UPS,2023-06-15,Jun 2023,2023-06-21,Jun 2023,9.20,286.15,Delivered,2096,6,valid,,,
SH10522,Warehouse_CHI,Miami,LaserShip,2023-06-15,Jun 2023,2023-06-18,Jun 2023,20.10,195.91,Delivered,1350,3,valid,,,
SH10565,Warehouse_BOS,Los Angeles,UPS,2023-06-15,Jun 2023,2023-06-22,Jun 2023,17.20,251.79,Delivered,1984,7,valid,,,
SH10695,Warehouse_DEN,Houston,Amazon Logistics,2023-06-15,Jun 2023,2023-06-20,Jun 2023,26.60,231.19,Delivered,1615,5,valid,,,
SH11548,Warehouse_HOU,Boston,OnTrac,2023-06-15,Jun 2023,2023-06-18,Jun 2023,46.30,155.66,Delivered,912,3,valid,,,
SH11680,Warehouse_ATL,Boston,DHL,2023-06-15,Jun 2023,2023-06-20,Jun 2023,29.20,280.92,Delivered,1739,5,valid,,,
SH11916,Warehouse_SEA,Seattle,USPS,2023-06-15,Jun 2023,2023-06-17,Jun 2023,17.20,84.60,Delivered,513,2,valid,,,
SH11923,Warehouse_DEN,New York,OnTrac,2023-06-15,Jun 2023,2023-06-16,Jun 2023,29.40,116.46,Delivered,636,1,valid,,,
SH11211,Warehouse_LA,San Francisco,FedEx,2023-06-16,Jun 2023,2023-06-28,Jun 2023,250.90,395.00,Delayed,239,1,valid,,,
SH11606,Warehouse_BOS,Detroit,DHL,2023-06-16,Jun 2023,2023-07-05,Jul 2023,23.10,323.18,Delayed,1989,6,valid,,,
SH10521,Warehouse_BOS,Atlanta,DHL,2023-06-16,Jun 2023,2023-06-18,Jun 2023,27.40,98.31,Delivered,490,2,valid,,,
SH10540,Warehouse_HOU,Miami,FedEx,2023-06-16,Jun 2023,2023-06-23,Jun 2023,5.40,187.36,Delivered,1292,7,valid,,,
SH11518,Warehouse_BOS,Dallas,DHL,2023-06-16,Jun 2023,2023-06-20,Jun 2023,34.90,261.45,Delivered,1507,4,valid,,,
SH11690,Warehouse_DEN,Portland,UPS,2023-06-16,Jun 2023,2023-06-20,Jun 2023,42.00,218.32,Delivered,1417,4,valid,,,
SH11950,Warehouse_HOU,Denver,UPS,2023-06-16,Jun 2023,2023-06-19,Jun 2023,6.90,133.01,Delivered,1030,3,valid,,,
SH11549,Warehouse_BOS,Miami,LaserShip,2023-06-16,Jun 2023,2023-06-23,Jun 2023,25.60,287.97,Lost,2129,7,valid,,,
SH10491,Warehouse_LA,Boston,DHL,2023-06-17,Jun 2023,2023-06-20,Jun 2023,59.40,316.73,Delivered,1504,3,valid,,,
SH10618,Warehouse_CHI,Denver,LaserShip,2023-06-17,Jun 2023,2023-06-21,Jun 2023,8.60,119.70,Delivered,1000,4,valid,,,
SH10625,Warehouse_CHI,San Francisco,DHL,2023-06-17,Jun 2023,2023-06-21,Jun 2023,22.50,252.88,Delivered,1650,4,valid,,,
SH11195,Warehouse_MIA,Phoenix,LaserShip,2023-06-17,Jun 2023,2023-06-21,Jun 2023,9.90,202.54,Delivered,1493,4,valid,,,
SH11525,Warehouse_CHI,Minneapolis,DHL,2023-06-17,Jun 2023,2023-06-22,Jun 2023,15.10,142.08,Delivered,977,5,valid,,,
SH11545,Warehouse_SEA,Atlanta,OnTrac,2023-06-17,Jun 2023,2023-06-20,Jun 2023,25.20,190.12,Delivered,1442,3,valid,,,
SH10176,Warehouse_NYC,Miami,USPS,2023-06-17,Jun 2023,2023-06-19,Jun 2023,105.00,180.26,Returned,543,2,valid,,,
SH11941,Warehouse_ATL,Minneapolis,USPS,2023-06-18,Jun 2023,2023-06-22,Jun 2023,69.00,302.62,Lost,1868,4,valid,,,
SH10223,Warehouse_HOU,Denver,UPS,2023-06-19,Jun 2023,2023-06-22,Jun 2023,33.80,161.45,Delivered,1030,3,valid,,,
SH10597,Warehouse_SEA,Atlanta,UPS,2023-06-19,Jun 2023,,,28.50,77.76,Delivered,290,2,invalid,,,
SH10687,Warehouse_LA,Chicago,USPS,2023-06-19,Jun 2023,2023-06-22,Jun 2023,17.50,165.72,Delivered,1305,3,valid,,,
SH11199,Warehouse_SF,Chicago,DHL,2023-06-19,Jun 2023,2023-06-24,Jun 2023,83.70,296.97,Delivered,1417,5,valid,,,
SH11414,Warehouse_MIA,Portland,FedEx,2023-06-19,Jun 2023,2023-06-23,Jun 2023,20.40,211.34,Delivered,1369,4,valid,,,
SH11771,Warehouse_SEA,Portland,FedEx,2023-06-19,Jun 2023,2023-06-24,Jun 2023,40.70,168.17,Delivered,816,5,valid,,,
SH11774,Warehouse_BOS,Seattle,FedEx,2023-06-19,Jun 2023,2023-06-25,Jun 2023,9.70,119.44,Delivered,757,6,valid,,,
SH11906,Warehouse_CHI,New York,DHL,2023-06-19,Jun 2023,2023-06-22,Jun 2023,59.90,183.69,Delivered,628,3,valid,,,
SH10071,Warehouse_CHI,Seattle,OnTrac,2023-06-20,Jun 2023,2023-06-25,Jun 2023,30.70,,Delivered,2307,5,valid,,,
SH10797,Warehouse_HOU,Seattle,DHL,2023-06-20,Jun 2023,2023-06-24,Jun 2023,9.70,233.83,Delivered,1517,4,valid,,,
SH10835,Warehouse_CHI,Phoenix,LaserShip,2023-06-20,Jun 2023,2023-06-24,Jun 2023,28.60,223.20,Delivered,1752,4,valid,,,
SH11361,Warehouse_HOU,Phoenix,LaserShip,2023-06-20,Jun 2023,2023-06-23,Jun 2023,20.00,134.57,Lost,1020,3,valid,,,
SH10088,Warehouse_HOU,Miami,USPS,2023-06-21,Jun 2023,2023-06-24,Jun 2023,37.00,184.07,Delivered,1198,3,valid,,,
SH10301,Warehouse_SEA,Boston,DHL,2023-06-21,Jun 2023,2023-06-30,Jun 2023,12.60,332.46,Delivered,2400,9,valid,,,
SH11029,Warehouse_SF,New York,FedEx,2023-06-21,Jun 2023,2023-06-25,Jun 2023,40.70,240.08,Delivered,1457,4,valid,,,
SH10956,Warehouse_DEN,Atlanta,LaserShip,2023-06-21,Jun 2023,2023-06-24,Jun 2023,24.30,160.77,In Transit,1144,3,valid,,,
SH10312,Warehouse_ATL,Minneapolis,Amazon Logistics,2023-06-22,Jun 2023,2023-06-27,Jun 2023,8.30,208.92,Delivered,1713,5,valid,,,
SH11635,Warehouse_DEN,Atlanta,Amazon Logistics,2023-06-22,Jun 2023,2023-06-27,Jun 2023,16.10,143.00,Delivered,1074,5,valid,,,
SH10351,Warehouse_SF,Portland,Amazon Logistics,2023-06-23,Jun 2023,2023-06-25,Jun 2023,15.70,87.18,Delivered,509,2,valid,,,
SH10599,Warehouse_MIA,Phoenix,DHL,2023-06-23,Jun 2023,2023-06-26,Jun 2023,9.90,180.22,Delivered,1178,3,valid,,,
SH10717,Warehouse_ATL,Detroit,FedEx,2023-06-23,Jun 2023,2023-06-28,Jun 2023,19.70,201.01,Delivered,1284,5,valid,,,
SH10931,Warehouse_NYC,Denver,DHL,2023-06-23,Jun 2023,2023-06-26,Jun 2023,88.70,196.15,Delivered,509,3,valid,,,
SH11925,Warehouse_BOS,Phoenix,Amazon Logistics,2023-06-23,Jun 2023,2023-06-25,Jun 2023,7.20,97.04,Delivered,822,2,valid,,,
SH11724,Warehouse_DEN,Boston,DHL,2023-06-24,Jun 2023,2023-07-08,Jul 2023,38.50,174.45,Delayed,975,3,valid,,,
SH10240,Warehouse_SF,New York,Amazon Logistics,2023-06-24,Jun 2023,2023-06-29,Jun 2023,54.90,319.88,Delivered,1902,5,valid,,,
SH11892,Warehouse_SEA,Atlanta,UPS,2023-06-24,Jun 2023,2023-06-28,Jun 2023,21.70,291.81,Delivered,1919,4,valid,,,
SH11703,Warehouse_HOU,Los Angeles,USPS,2023-06-24,Jun 2023,2023-06-25,Jun 2023,7.00,49.21,Returned,386,1,valid,,,
SH10488,Warehouse_DEN,Los Angeles,OnTrac,2023-06-25,Jun 2023,2023-07-01,Jul 2023,8.60,219.42,Delayed,1671,5,valid,,,
SH11411,Warehouse_DEN,New York,LaserShip,2023-06-25,Jun 2023,2023-07-05,Jul 2023,12.00,113.50,Delayed,852,3,valid,,,
SH10546,Warehouse_LA,Boston,UPS,2023-06-25,Jun 2023,2023-07-02,Jul 2023,37.00,208.58,Delivered,1452,7,valid,,,
SH10993,Warehouse_ATL,Detroit,DHL,2023-06-25,Jun 2023,2023-06-30,Jun 2023,20.00,357.86,Delivered,2339,5,valid,,,
SH11268,Warehouse_HOU,Houston,Amazon Logistics,2023-06-25,Jun 2023,2023-06-27,Jun 2023,26.10,142.55,Delivered,880,2,valid,,,
SH11831,Warehouse_SEA,Miami,Amazon Logistics,2023-06-25,Jun 2023,2023-07-01,Jul 2023,39.10,273.41,Delivered,2104,6,valid,,,
SH11108,Warehouse_BOS,Miami,UPS,2023-06-26,Jun 2023,2023-07-01,Jul 2023,54.30,314.48,Delivered,1853,5,valid,,,
SH11212,Warehouse_NYC,Atlanta,OnTrac,2023-06-26,Jun 2023,2023-06-29,Jun 2023,23.50,119.58,Delivered,870,3,valid,,,
SH11330,Warehouse_SEA,Portland,LaserShip,2023-06-26,Jun 2023,2023-06-29,Jun 2023,16.60,105.60,Delivered,761,3,valid,,,
SH11935,Warehouse_CHI,Detroit,Amazon Logistics,2023-06-26,Jun 2023,2023-06-27,Jun 2023,9.50,43.35,Delivered,283,1,valid,,,
SH11205,Warehouse_SEA,Houston,DHL,2023-06-27,Jun 2023,2023-07-12,Jul 2023,17.00,217.08,Delayed,1396,7,valid,,,
SH10029,Warehouse_SEA,Chicago,DHL,2023-06-27,Jun 2023,2023-07-03,Jul 2023,13.00,347.94,Delivered,2310,6,valid,,,
SH10386,Warehouse_SF,Minneapolis,Amazon Logistics,2023-06-27,Jun 2023,2023-07-02,Jul 2023,11.70,140.32,Delivered,1060,5,valid,,,
SH10406,Warehouse_LA,San Francisco,LaserShip,2023-06-27,Jun 2023,2023-06-28,Jun 2023,13.30,42.44,Delivered,252,1,valid,,,
SH10502,Warehouse_LA,Los Angeles,Amazon Logistics,2023-06-27,Jun 2023,2023-07-03,Jul 2023,15.90,331.92,Delivered,2378,6,valid,,,
SH10935,Warehouse_SEA,Seattle,FedEx,2023-06-27,Jun 2023,2023-07-02,Jul 2023,4.40,301.81,Delivered,2087,5,valid,,,
SH11185,Warehouse_CHI,Boston,UPS,2023-06-27,Jun 2023,2023-07-02,Jul 2023,10.20,,Delivered,1924,5,valid,,,
SH11991,Warehouse_SEA,Seattle,DHL,2023-06-27,Jun 2023,2023-07-03,Jul 2023,17.70,368.38,Delivered,2300,6,valid,,,
SH10125,Warehouse_CHI,Miami,USPS,2023-06-28,Jun 2023,2023-07-02,Jul 2023,11.80,180.52,Delivered,1350,4,valid,,,
SH10222,Warehouse_CHI,Dallas,UPS,2023-06-28,Jun 2023,2023-07-03,Jul 2023,12.60,176.77,Delivered,1322,5,valid,,,
SH10792,Warehouse_MIA,New York,UPS,2023-06-28,Jun 2023,2023-07-02,Jul 2023,15.40,238.58,Delivered,1636,4,valid,,,
SH11113,Warehouse_SF,Seattle,FedEx,2023-06-28,Jun 2023,2023-07-03,Jul 2023,54.50,373.97,Delivered,2490,5,valid,,,
SH11760,Warehouse_SEA,Minneapolis,Amazon Logistics,2023-06-28,Jun 2023,2023-07-06,Jul 2023,49.40,333.09,Delivered,2256,8,valid,,,
SH11836,Warehouse_HOU,Miami,LaserShip,2023-06-28,Jun 2023,2023-07-02,Jul 2023,25.40,171.77,Delivered,1145,4,valid,,,
SH10300,Warehouse_HOU,Dallas,DHL,2023-06-29,Jun 2023,2023-07-01,Jul 2023,22.80,76.07,Delivered,370,2,valid,,,
SH10741,Warehouse_LA,Atlanta,FedEx,2023-06-29,Jun 2023,2023-07-04,Jul 2023,32.20,247.76,Delivered,1610,5,valid,,,
SH10866,Warehouse_SEA,Dallas,DHL,2023-06-29,Jun 2023,2023-07-02,Jul 2023,26.80,176.88,Delivered,1008,3,valid,,,
SH11083,Warehouse_SF,Portland,Amazon Logistics,2023-06-29,Jun 2023,2023-07-01,Jul 2023,22.60,115.12,Delivered,719,2,valid,,,
SH11140,Warehouse_SEA,Phoenix,Amazon Logistics,2023-06-29,Jun 2023,2023-07-01,Jul 2023,21.10,42.11,Delivered,111,2,valid,,,
SH11247,Warehouse_CHI,Houston,DHL,2023-06-29,Jun 2023,2023-07-04,Jul 2023,47.30,347.27,Delivered,2055,5,valid,,,
SH11674,Warehouse_MIA,Portland,USPS,2023-06-29,Jun 2023,2023-07-01,Jul 2023,15.90,119.24,Delivered,928,2,valid,,,
SH11972,Warehouse_ATL,Houston,USPS,2023-06-29,Jun 2023,2023-06-30,Jun 2023,9.50,31.25,Delivered,209,1,valid,,,
SH10079,Warehouse_SF,Detroit,UPS,2023-06-30,Jun 2023,2023-07-10,Jul 2023,22.40,309.17,Delayed,2214,7,valid,,,
SH11505,Warehouse_ATL,Minneapolis,OnTrac,2023-06-30,Jun 2023,2023-07-11,Jul 2023,7.70,157.65,Delayed,1140,3,valid,,,
SH10239,Warehouse_LA,Atlanta,DHL,2023-06-30,Jun 2023,2023-07-07,Jul 2023,3.10,185.13,Delivered,1236,7,valid,,,
SH10969,Warehouse_HOU,Miami,FedEx,2023-06-30,Jun 2023,2023-07-02,Jul 2023,30.90,81.65,Delivered,297,2,valid,,,
SH11144,Warehouse_BOS,Los Angeles,OnTrac,2023-06-30,Jun 2023,2023-07-04,Jul 2023,21.20,271.48,Delivered,1849,4,valid,,,
SH11714,Warehouse_BOS,Detroit,UPS,2023-06-30,Jun 2023,2023-07-06,Jul 2023,7.00,296.15,Delivered,2424,6,valid,,,
SH10573,Warehouse_SF,Miami,LaserShip,2023-06-30,Jun 2023,2023-07-04,Jul 2023,28.70,255.28,In Transit,1681,4,valid,,,
SH11498,Warehouse_HOU,Boston,UPS,2023-06-30,Jun 2023,2023-07-04,Jul 2023,19.40,116.18,In Transit,812,4,valid,,,
SH11576,Warehouse_LA,Houston,OnTrac,2023-07-01,Jul 2023,2023-07-13,Jul 2023,36.80,150.78,Delayed,882,2,valid,,,
SH10095,Warehouse_MIA,Detroit,Amazon Logistics,2023-07-01,Jul 2023,2023-07-04,Jul 2023,18.60,191.08,Delivered,1447,3,valid,,,
SH10652,Warehouse_BOS,Chicago,DHL,2023-07-01,Jul 2023,2023-07-06,Jul 2023,54.90,243.58,Delivered,1121,5,valid,,,
SH10084,Warehouse_CHI,Atlanta,FedEx,2023-07-02,Jul 2023,2023-07-06,Jul 2023,22.90,233.89,Delivered,1510,4,valid,,,
SH10520,Warehouse_LA,Boston,OnTrac,2023-07-02,Jul 2023,2023-07-04,Jul 2023,6.60,115.73,Delivered,912,2,valid,,,
SH11069,Warehouse_CHI,Portland,Amazon Logistics,2023-07-02,Jul 2023,2023-07-04,Jul 2023,20.20,129.06,Delivered,780,2,valid,,,
SH11401,Warehouse_HOU,Phoenix,FedEx,2023-07-02,Jul 2023,2023-07-08,Jul 2023,17.20,331.37,Delivered,2287,6,valid,,,
SH11704,Warehouse_BOS,Portland,UPS,2023-07-02,Jul 2023,2023-07-10,Jul 2023,13.00,250.60,Delivered,1899,8,valid,,,
SH10145,Warehouse_HOU,Atlanta,UPS,2023-07-03,Jul 2023,2023-07-10,Jul 2023,23.40,142.13,Delayed,800,3,valid,,,
SH11410,Warehouse_DEN,Atlanta,UPS,2023-07-03,Jul 2023,2023-07-10,Jul 2023,14.00,260.56,Delivered,2009,7,valid,,,
SH11725,Warehouse_LA,Denver,USPS,2023-07-03,Jul 2023,2023-07-07,Jul 2023,15.20,181.08,Delivered,1453,4,valid,,,
SH10031,Warehouse_BOS,Dallas,OnTrac,2023-07-04,Jul 2023,2023-07-08,Jul 2023,30.20,162.68,Delivered,1048,4,valid,,,
SH10186,Warehouse_HOU,New York,FedEx,2023-07-04,Jul 2023,2023-07-08,Jul 2023,19.60,261.42,Delivered,1791,4,valid,,,
SH10651,Warehouse_SEA,Los Angeles,OnTrac,2023-07-04,Jul 2023,2023-07-08,Jul 2023,14.60,204.47,Delivered,1495,4,valid,,,
SH11270,Warehouse_CHI,Boston,LaserShip,2023-07-04,Jul 2023,2023-07-07,Jul 2023,19.30,163.73,Delivered,1097,3,valid,,,
SH11806,Warehouse_NYC,Houston,OnTrac,2023-07-04,Jul 2023,2023-07-10,Jul 2023,16.20,245.98,Delivered,1870,6,valid,,,
SH10329,Warehouse_DEN,Seattle,Amazon Logistics,2023-07-04,Jul 2023,2023-07-09,Jul 2023,10.70,219.90,Lost,1857,5,valid,,,
SH10260,Warehouse_MIA,San Francisco,UPS,2023-07-05,Jul 2023,,,14.60,358.31,Delayed,2492,6,invalid,,,
SH11078,Warehouse_ATL,Houston,Amazon Logistics,2023-07-05,Jul 2023,2023-07-10,Jul 2023,66.50,94.15,Delivered,155,5,valid,,,
SH11178,Warehouse_ATL,Atlanta,FedEx,2023-07-05,Jul 2023,2023-07-10,Jul 2023,38.00,329.04,Delivered,1940,5,valid,,,
SH11287,Warehouse_HOU,San Francisco,LaserShip,2023-07-05,Jul 2023,2023-07-06,Jul 2023,56.40,141.61,Delivered,531,1,valid,,,
SH11460,Warehouse_ATL,Phoenix,UPS,2023-07-05,Jul 2023,2023-07-08,Jul 2023,100.90,172.46,Delivered,390,3,valid,,,
SH11940,Warehouse_LA,Seattle,OnTrac,2023-07-05,Jul 2023,2023-07-10,Jul 2023,26.40,161.78,Delivered,1135,5,valid,,,
SH10769,Warehouse_DEN,New York,USPS,2023-07-06,Jul 2023,2023-07-10,Jul 2023,13.60,204.17,Delivered,1646,4,valid,,,
SH11064,Warehouse_ATL,Miami,LaserShip,2023-07-06,Jul 2023,2023-07-12,Jul 2023,42.30,297.40,Delivered,2310,6,valid,,,
SH11659,Warehouse_ATL,Minneapolis,OnTrac,2023-07-06,Jul 2023,2023-07-11,Jul 2023,9.70,191.62,Delivered,1529,5,valid,,,
SH11807,Warehouse_NYC,Portland,LaserShip,2023-07-06,Jul 2023,2023-07-10,Jul 2023,6.20,139.44,Delivered,1227,4,valid,,,
SH10511,Warehouse_LA,Denver,FedEx,2023-07-07,Jul 2023,2023-07-18,Jul 2023,16.50,196.73,Delayed,1228,4,valid,,,
SH10132,Warehouse_DEN,San Francisco,DHL,2023-07-07,Jul 2023,,,8.40,,Delivered,815,3,invalid,,,
SH10525,Warehouse_SF,Denver,DHL,2023-07-07,Jul 2023,2023-07-11,Jul 2023,34.70,304.30,Delivered,1785,4,valid,,,
SH10761,Warehouse_DEN,Miami,DHL,2023-07-07,Jul 2023,2023-07-12,Jul 2023,18.10,229.06,Delivered,1660,5,valid,,,
SH11235,Warehouse_SF,Minneapolis,LaserShip,2023-07-07,Jul 2023,2023-07-14,Jul 2023,42.80,322.49,Delivered,2389,7,valid,,,
SH11448,Warehouse_CHI,Houston,LaserShip,2023-07-07,Jul 2023,2023-07-13,Jul 2023,35.40,217.42,Delivered,1655,6,valid,,,
SH10867,Warehouse_ATL,San Francisco,FedEx,2023-07-08,Jul 2023,2023-07-18,Jul 2023,34.20,93.52,Delayed,439,3,valid,,,
SH10975,Warehouse_DEN,New York,Amazon Logistics,2023-07-08,Jul 2023,2023-07-21,Jul 2023,20.20,248.02,Delayed,2051,5,valid,,,
SH10869,Warehouse_MIA,Seattle,LaserShip,2023-07-08,Jul 2023,2023-07-13,Jul 2023,64.00,233.21,Delivered,1235,5,valid,,,
SH11170,Warehouse_HOU,Miami,Amazon Logistics,2023-07-08,Jul 2023,2023-07-12,Jul 2023,6.50,156.00,Delivered,1302,4,valid,,,
SH11447,Warehouse_NYC,San Francisco,LaserShip,2023-07-08,Jul 2023,2023-07-11,Jul 2023,41.70,91.23,Delivered,302,3,valid,,,
SH11801,Warehouse_LA,Los Angeles,DHL,2023-07-08,Jul 2023,2023-07-10,Jul 2023,61.40,111.25,Delivered,128,2,valid,,,
SH11902,Warehouse_DEN,Minneapolis,Amazon Logistics,2023-07-08,Jul 2023,2023-07-12,Jul 2023,14.70,243.70,Delivered,1949,4,valid,,,
SH11999,Warehouse_MIA,Portland,OnTrac,2023-07-08,Jul 2023,,,49.50,360.74,Delivered,2321,7,invalid,,,
SH10672,Warehouse_HOU,Detroit,LaserShip,2023-07-09,Jul 2023,2023-07-23,Jul 2023,25.50,298.33,Delayed,2427,6,valid,,,
SH10376,Warehouse_LA,Boston,USPS,2023-07-09,Jul 2023,2023-07-12,Jul 2023,37.90,171.78,In Transit,1014,3,valid,,,
SH10119,Warehouse_DEN,Minneapolis,DHL,2023-07-10,Jul 2023,2023-07-11,Jul 2023,21.60,64.74,Delivered,261,1,valid,,,
SH10330,Warehouse_MIA,Detroit,Amazon Logistics,2023-07-10,Jul 2023,2023-07-13,Jul 2023,8.30,154.62,Delivered,1155,3,valid,,,
SH10833,Warehouse_MIA,New York,DHL,2023-07-10,Jul 2023,2023-07-11,Jul 2023,12.40,47.25,Delivered,237,1,valid,,,
SH11174,Warehouse_DEN,Portland,FedEx,2023-07-10,Jul 2023,2023-07-15,Jul 2023,17.10,278.83,Delivered,1989,5,valid,,,
SH11265,Warehouse_BOS,Portland,UPS,2023-07-10,Jul 2023,2023-07-17,Jul 2023,16.40,265.38,Delivered,1834,7,valid,,,
SH11463,Warehouse_NYC,Minneapolis,Amazon Logistics,2023-07-10,Jul 2023,2023-07-15,Jul 2023,27.80,239.99,In Transit,1591,5,valid,,,
SH11557,Warehouse_SF,Houston,OnTrac,2023-07-11,Jul 2023,2023-07-25,Jul 2023,9.00,126.74,Delayed,979,4,valid,,,
SH10404,Warehouse_HOU,Miami,UPS,2023-07-11,Jul 2023,2023-07-14,Jul 2023,29.10,160.14,Delivered,940,3,valid,,,
SH11251,Warehouse_BOS,Houston,DHL,2023-07-11,Jul 2023,2023-07-16,Jul 2023,10.80,224.13,Delivered,1409,5,valid,,,
SH11864,Warehouse_SF,New York,FedEx,2023-07-11,Jul 2023,2023-07-17,Jul 2023,88.90,424.24,Delivered,2356,6,valid,,,
SH10591,Warehouse_BOS,Seattle,DHL,2023-07-12,Jul 2023,2023-07-25,Jul 2023,17.10,265.04,Delayed,1749,5,valid,,,
SH10341,Warehouse_HOU,Chicago,Amazon Logistics,2023-07-12,Jul 2023,2023-07-15,Jul 2023,13.90,136.58,Delivered,1028,3,valid,,,
SH10985,Warehouse_CHI,Chicago,UPS,2023-07-12,Jul 2023,2023-07-16,Jul 2023,45.00,108.75,Delivered,400,4,valid,,,
SH11133,Warehouse_BOS,Chicago,UPS,2023-07-12,Jul 2023,2023-07-17,Jul 2023,10.40,107.97,Delivered,810,5,valid,,,
SH11598,Warehouse_SF,Phoenix,Amazon Logistics,2023-07-12,Jul 2023,2023-07-15,Jul 2023,11.50,148.69,Delivered,1189,3,valid,,,
SH11777,Warehouse_CHI,Minneapolis,USPS,2023-07-12,Jul 2023,2023-07-15,Jul 2023,23.10,204.70,Delivered,1547,3,valid,,,
SH11809,Warehouse_DEN,Atlanta,USPS,2023-07-12,Jul 2023,2023-07-16,Jul 2023,30.20,,Delivered,1393,4,valid,,,
SH10737,Warehouse_ATL,Miami,USPS,2023-07-12,Jul 2023,2023-07-18,Jul 2023,15.10,236.63,In Transit,1795,6,valid,,,
SH10567,Warehouse_CHI,Miami,OnTrac,2023-07-13,Jul 2023,2023-07-17,Jul 2023,25.30,191.72,Delivered,1350,4,valid,,,
SH11481,Warehouse_HOU,Dallas,OnTrac,2023-07-13,Jul 2023,2023-07-16,Jul 2023,8.10,188.86,Delivered,1472,3,valid,,,
SH11723,Warehouse_HOU,Los Angeles,USPS,2023-07-13,Jul 2023,2023-07-16,Jul 2023,17.70,170.71,Delivered,1382,3,valid,,,
SH10147,Warehouse_ATL,San Francisco,UPS,2023-07-14,Jul 2023,2023-07-19,Jul 2023,66.80,336.20,Delivered,2262,5,valid,,,
SH10220,Warehouse_ATL,Boston,UPS,2023-07-14,Jul 2023,2023-07-19,Jul 2023,4.90,203.03,Delivered,1660,5,valid,,,
SH10725,Warehouse_NYC,Minneapolis,USPS,2023-07-14,Jul 2023,2023-07-19,Jul 2023,27.40,178.29,Delivered,1367,5,valid,,,
SH10198,Warehouse_BOS,Denver,UPS,2023-07-15,Jul 2023,2023-07-19,Jul 2023,4.20,208.73,Delivered,1596,4,valid,,,
SH10532,Warehouse_LA,Minneapolis,LaserShip,2023-07-15,Jul 2023,2023-07-20,Jul 2023,36.40,257.54,Delivered,1685,5,valid,,,
SH11759,Warehouse_SEA,Los Angeles,FedEx,2023-07-15,Jul 2023,2023-07-18,Jul 2023,20.00,140.66,Delivered,847,3,valid,,,
SH10555,Warehouse_MIA,Boston,USPS,2023-07-15,Jul 2023,2023-07-18,Jul 2023,69.30,244.01,In Transit,1337,3,valid,,,
SH10063,Warehouse_BOS,Los Angeles,UPS,2023-07-16,Jul 2023,2023-07-19,Jul 2023,25.60,128.53,Delivered,740,3,valid,,,
SH10465,Warehouse_SF,Phoenix,USPS,2023-07-16,Jul 2023,2023-07-20,Jul 2023,39.60,270.85,Delivered,1963,4,valid,,,
SH10478,Warehouse_DEN,Chicago,UPS,2023-07-16,Jul 2023,2023-07-21,Jul 2023,14.80,182.07,Delivered,1304,5,valid,,,
SH10501,Warehouse_LA,Seattle,UPS,2023-07-16,Jul 2023,2023-07-21,Jul 2023,39.00,195.48,Delivered,1135,5,valid,,,
SH10560,Warehouse_MIA,Phoenix,Amazon Logistics,2023-07-16,Jul 2023,2023-07-19,Jul 2023,19.50,114.24,Delivered,713,3,valid,,,
SH10726,Warehouse_LA,Chicago,UPS,2023-07-16,Jul 2023,2023-07-23,Jul 2023,27.40,286.48,Delivered,2072,7,valid,,,
SH10958,Warehouse_SEA,Denver,OnTrac,2023-07-16,Jul 2023,2023-07-21,Jul 2023,29.60,276.98,Delivered,2049,5,valid,,,
SH11601,Warehouse_MIA,Miami,UPS,2023-07-16,Jul 2023,2023-07-18,Jul 2023,38.40,177.30,Delivered,916,2,valid,,,
SH11756,Warehouse_LA,Phoenix,OnTrac,2023-07-16,Jul 2023,2023-07-17,Jul 2023,94.00,143.20,Delivered,373,1,valid,,,
SH10035,Warehouse_BOS,Dallas,OnTrac,2023-07-16,Jul 2023,2023-07-17,Jul 2023,37.70,55.09,Lost,131,1,valid,,,
SH10939,Warehouse_HOU,Dallas,FedEx,2023-07-17,Jul 2023,2023-07-30,Jul 2023,9.30,108.95,Delayed,813,3,valid,,,
SH10102,Warehouse_BOS,Houston,DHL,2023-07-17,Jul 2023,2023-07-24,Jul 2023,8.60,352.85,Delivered,2465,7,valid,,,
SH10407,Warehouse_MIA,Phoenix,OnTrac,2023-07-17,Jul 2023,2023-07-20,Jul 2023,29.30,136.26,In Transit,919,3,valid,,,
SH10099,Warehouse_SEA,Phoenix,LaserShip,2023-07-18,Jul 2023,2023-07-21,Jul 2023,14.60,141.34,Delivered,1158,3,valid,,,
SH11057,Warehouse_BOS,Phoenix,LaserShip,2023-07-18,Jul 2023,2023-07-19,Jul 2023,27.50,41.66,Delivered,101,1,valid,,,
SH11181,Warehouse_SF,Miami,OnTrac,2023-07-18,Jul 2023,2023-07-21,Jul 2023,7.20,139.61,Delivered,1122,3,valid,,,
SH11193,Warehouse_NYC,Chicago,FedEx,2023-07-18,Jul 2023,2023-07-21,Jul 2023,9.70,,Delivered,790,3,valid,,,
SH11067,Warehouse_BOS,Denver,UPS,2023-07-19,Jul 2023,2023-08-01,Aug 2023,25.90,323.47,Delayed,2279,7,valid,,,
SH10175,Warehouse_MIA,Minneapolis,USPS,2023-07-19,Jul 2023,2023-07-25,Jul 2023,11.60,184.50,Delivered,1454,6,valid,,,
SH10289,Warehouse_HOU,Los Angeles,OnTrac,2023-07-19,Jul 2023,2023-07-25,Jul 2023,38.50,330.97,Delivered,2444,6,valid,,,
SH11849,Warehouse_CHI,Atlanta,DHL,2023-07-19,Jul 2023,2023-07-24,Jul 2023,7.70,272.22,Delivered,1814,5,valid,,,
SH11874,Warehouse_ATL,Houston,OnTrac,2023-07-19,Jul 2023,2023-07-24,Jul 2023,79.30,348.67,Delivered,2393,5,valid,,,
SH10115,Warehouse_NYC,Portland,LaserShip,2023-07-20,Jul 2023,2023-07-25,Jul 2023,22.80,267.89,Delivered,1951,5,valid,,,
SH10514,Warehouse_ATL,Atlanta,Amazon Logistics,2023-07-20,Jul 2023,2023-07-23,Jul 2023,20.50,202.83,Delivered,1428,3,valid,,,
SH10529,Warehouse_MIA,Atlanta,FedEx,2023-07-20,Jul 2023,2023-07-26,Jul 2023,19.40,323.37,Delivered,2177,6,valid,,,
SH10752,Warehouse_DEN,Miami,USPS,2023-07-20,Jul 2023,2023-07-22,Jul 2023,10.10,61.20,Delivered,469,2,valid,,,
SH10951,Warehouse_ATL,San Francisco,OnTrac,2023-07-20,Jul 2023,2023-07-24,Jul 2023,62.40,118.11,Delivered,407,4,valid,,,
SH10022,Warehouse_CHI,San Francisco,USPS,2023-07-21,Jul 2023,2023-07-23,Jul 2023,15.20,67.11,Delivered,440,2,valid,,,
SH10311,Warehouse_LA,Dallas,LaserShip,2023-07-21,Jul 2023,2023-07-27,Jul 2023,60.60,242.49,Delivered,1435,6,valid,,,
SH10633,Warehouse_ATL,Houston,UPS,2023-07-21,Jul 2023,2023-07-27,Jul 2023,44.10,340.74,Delivered,2174,6,valid,,,
SH11332,Warehouse_LA,Houston,DHL,2023-07-21,Jul 2023,2023-07-27,Jul 2023,57.20,339.55,Delivered,1933,6,valid,,,
SH11346,Warehouse_NYC,Minneapolis,FedEx,2023-07-21,Jul 2023,2023-07-26,Jul 2023,50.90,324.70,Delivered,2180,5,valid,,,
SH11400,Warehouse_BOS,Boston,DHL,2023-07-21,Jul 2023,2023-07-28,Jul 2023,26.50,373.28,Delivered,2221,7,valid,,,
SH11461,Warehouse_ATL,Boston,Amazon Logistics,2023-07-21,Jul 2023,2023-07-27,Jul 2023,29.20,323.13,Delivered,2216,6,valid,,,
SH11502,Warehouse_MIA,Chicago,FedEx,2023-07-21,Jul 2023,2023-07-24,Jul 2023,18.40,149.34,Delivered,974,3,valid,,,
SH11810,Warehouse_ATL,Atlanta,FedEx,2023-07-21,Jul 2023,2023-07-29,Jul 2023,32.80,360.03,Delivered,2464,8,valid,,,
SH10155,Warehouse_SF,Seattle,USPS,2023-07-22,Jul 2023,2023-07-27,Jul 2023,12.20,278.15,Delivered,2161,5,valid,,,
SH10267,Warehouse_ATL,Minneapolis,DHL,2023-07-22,Jul 2023,2023-07-23,Jul 2023,22.40,70.43,Delivered,263,1,valid,,,
SH10706,Warehouse_NYC,Detroit,USPS,2023-07-22,Jul 2023,2023-07-25,Jul 2023,12.60,75.73,Delivered,497,3,valid,,,
SH11371,Warehouse_MIA,Detroit,USPS,2023-07-22,Jul 2023,2023-07-25,Jul 2023,20.70,57.14,Delivered,298,3,valid,,,
SH11453,Warehouse_MIA,Seattle,LaserShip,2023-07-22,Jul 2023,,,47.60,156.85,Delivered,717,3,invalid,,,
SH11139,Warehouse_DEN,New York,FedEx,2023-07-23,Jul 2023,2023-07-26,Jul 2023,49.80,191.95,Delivered,910,3,valid,,,
SH11279,Warehouse_HOU,Detroit,UPS,2023-07-23,Jul 2023,2023-07-27,Jul 2023,33.40,131.33,Delivered,662,4,valid,,,
SH11860,Warehouse_SF,Dallas,USPS,2023-07-23,Jul 2023,2023-07-26,Jul 2023,43.40,196.44,Delivered,1323,3,valid,,,
SH11081,Warehouse_CHI,Miami,Amazon Logistics,2023-07-23,Jul 2023,2023-07-26,Jul 2023,84.60,260.78,In Transit,1350,3,valid,,,
SH10014,Warehouse_BOS,Miami,FedEx,2023-07-24,Jul 2023,2023-07-30,Jul 2023,12.50,266.08,Delivered,1849,6,valid,,,
SH10570,Warehouse_MIA,Chicago,UPS,2023-07-24,Jul 2023,2023-07-31,Jul 2023,31.70,333.27,Delivered,2201,7,valid,,,
SH10820,Warehouse_HOU,Houston,USPS,2023-07-24,Jul 2023,2023-07-29,Jul 2023,97.30,286.39,Delivered,1778,5,valid,,,
SH10915,Warehouse_BOS,Phoenix,UPS,2023-07-24,Jul 2023,2023-07-30,Jul 2023,14.00,295.74,Delivered,2256,6,valid,,,
SH11197,Warehouse_MIA,Detroit,USPS,2023-07-24,Jul 2023,2023-07-26,Jul 2023,27.90,146.44,Delivered,1067,2,valid,,,
SH11884,Warehouse_CHI,Minneapolis,Amazon Logistics,2023-07-24,Jul 2023,2023-07-31,Jul 2023,40.70,292.44,Delivered,2247,7,valid,,,
SH11309,Warehouse_SF,Boston,LaserShip,2023-07-25,Jul 2023,2023-08-06,Aug 2023,4.60,209.12,Delayed,1868,6,valid,,,
SH11382,Warehouse_LA,New York,USPS,2023-07-25,Jul 2023,2023-08-03,Aug 2023,4.30,17.89,Delayed,105,4,valid,,,
SH10148,Warehouse_NYC,Minneapolis,Amazon Logistics,2023-07-25,Jul 2023,2023-07-31,Jul 2023,25.80,258.31,Delivered,2078,6,valid,,,
SH10168,Warehouse_CHI,Houston,Amazon Logistics,2023-07-25,Jul 2023,2023-07-29,Jul 2023,7.50,157.13,Delivered,1262,4,valid,,,
SH10595,Warehouse_NYC,Atlanta,OnTrac,2023-07-25,Jul 2023,2023-07-30,Jul 2023,11.80,119.50,Delivered,870,5,valid,,,
SH10656,Warehouse_SF,Los Angeles,LaserShip,2023-07-25,Jul 2023,2023-07-28,Jul 2023,53.10,197.62,Delivered,1208,3,valid,,,
SH11445,Warehouse_NYC,Denver,FedEx,2023-07-25,Jul 2023,2023-07-27,Jul 2023,22.90,123.35,Delivered,713,2,valid,,,
SH11516,Warehouse_SF,Chicago,LaserShip,2023-07-25,Jul 2023,2023-07-27,Jul 2023,18.80,80.05,Delivered,496,2,valid,,,
SH11091,Warehouse_SF,Atlanta,LaserShip,2023-07-26,Jul 2023,2023-08-07,Aug 2023,15.50,130.67,Delayed,1035,3,valid,,,
SH10325,Warehouse_ATL,Houston,FedEx,2023-07-26,Jul 2023,2023-07-30,Jul 2023,14.90,112.48,Delivered,789,4,valid,,,
SH10608,Warehouse_MIA,San Francisco,LaserShip,2023-07-26,Jul 2023,2023-07-28,Jul 2023,11.00,59.43,Delivered,412,2,valid,,,
SH10881,Warehouse_DEN,Minneapolis,USPS,2023-07-26,Jul 2023,2023-07-31,Jul 2023,22.80,287.85,Delivered,2393,5,valid,,,
SH11031,Warehouse_BOS,Denver,OnTrac,2023-07-26,Jul 2023,2023-07-31,Jul 2023,12.90,276.52,Delivered,1986,5,valid,,,
SH11285,Warehouse_SF,Miami,DHL,2023-07-26,Jul 2023,2023-07-29,Jul 2023,24.50,70.28,Delivered,244,3,valid,,,
SH11564,Warehouse_SEA,Detroit,DHL,2023-07-26,Jul 2023,2023-07-31,Jul 2023,49.50,383.77,Delivered,2055,5,valid,,,
SH11927,Warehouse_MIA,Portland,UPS,2023-07-26,Jul 2023,2023-07-31,Jul 2023,27.60,242.80,Delivered,1549,5,valid,,,
SH10631,Warehouse_MIA,Los Angeles,FedEx,2023-07-26,Jul 2023,2023-08-01,Aug 2023,26.00,304.66,Lost,1990,6,valid,,,
SH11579,Warehouse_NYC,Seattle,DHL,2023-07-27,Jul 2023,2023-07-30,Jul 2023,34.60,91.64,Delivered,344,3,valid,,,
SH11648,Warehouse_LA,Los Angeles,DHL,2023-07-27,Jul 2023,2023-08-02,Aug 2023,24.60,295.52,Delivered,1899,6,valid,,,
SH11854,Warehouse_MIA,Los Angeles,DHL,2023-07-27,Jul 2023,2023-07-29,Jul 2023,13.70,87.28,Delivered,451,2,valid,,,
SH11947,Warehouse_DEN,Los Angeles,USPS,2023-07-27,Jul 2023,2023-08-02,Aug 2023,22.80,287.52,Delivered,2114,6,valid,,,
SH10378,Warehouse_DEN,Dallas,UPS,2023-07-28,Jul 2023,2023-08-03,Aug 2023,9.10,75.28,Delayed,474,5,valid,,,
SH11602,Warehouse_SF,Seattle,USPS,2023-07-28,Jul 2023,2023-08-09,Aug 2023,71.90,123.54,Delayed,450,2,valid,,,
SH10297,Warehouse_HOU,Portland,FedEx,2023-07-28,Jul 2023,2023-08-02,Aug 2023,21.80,204.43,Delivered,1218,5,valid,,,
SH10447,Warehouse_HOU,Los Angeles,DHL,2023-07-28,Jul 2023,,,29.30,171.21,Delivered,916,4,invalid,, ,
SH10605,Warehouse_SEA,Detroit,DHL,2023-07-28,Jul 2023,2023-08-02,Aug 2023,6.90,218.92,Delivered,1461,5,valid,,,
SH10645,Warehouse_MIA,Atlanta,USPS,2023-07-28,Jul 2023,2023-08-02,Aug 2023,21.90,289.79,Delivered,2189,5,valid,,,
SH10173,Warehouse_MIA,Detroit,UPS,2023-07-28,Jul 2023,2023-08-01,Aug 2023,6.60,156.36,In Transit,1222,4,valid,,,
SH10189,Warehouse_MIA,Minneapolis,FedEx,2023-07-29,Jul 2023,2023-08-02,Aug 2023,23.50,261.49,Delivered,1634,4,valid,,,
SH10589,Warehouse_SF,Houston,OnTrac,2023-07-29,Jul 2023,2023-08-01,Aug 2023,82.90,189.53,Delivered,893,3,valid,,,
SH10773,Warehouse_SEA,Phoenix,UPS,2023-07-29,Jul 2023,2023-08-04,Aug 2023,30.00,266.62,Delivered,2030,6,valid,,,
SH11092,Warehouse_NYC,Portland,DHL,2023-07-29,Jul 2023,2023-08-02,Aug 2023,26.50,292.13,Delivered,1670,4,valid,,,
SH11430,Warehouse_CHI,Seattle,LaserShip,2023-07-29,Jul 2023,2023-08-01,Aug 2023,14.50,160.17,Delivered,1162,3,valid,,,
SH11707,Warehouse_ATL,Dallas,Amazon Logistics,2023-07-29,Jul 2023,2023-08-03,Aug 2023,35.40,301.47,Delivered,2347,5,valid,,,
SH10107,Warehouse_NYC,Chicago,UPS,2023-07-30,Jul 2023,2023-08-02,Aug 2023,44.30,140.74,Delivered,790,3,valid,,,
SH10177,Warehouse_BOS,Atlanta,DHL,2023-07-30,Jul 2023,2023-08-02,Aug 2023,13.80,167.23,Delivered,1142,3,valid,,,
SH10236,Warehouse_BOS,Chicago,Amazon Logistics,2023-07-30,Jul 2023,2023-08-04,Aug 2023,22.80,277.90,Delivered,2187,5,valid,,,
SH10874,Warehouse_DEN,Atlanta,OnTrac,2023-07-30,Jul 2023,2023-08-02,Aug 2023,108.80,204.71,Delivered,784,3,valid,,,
SH10877,Warehouse_ATL,San Francisco,Amazon Logistics,2023-07-30,Jul 2023,2023-08-01,Aug 2023,27.30,70.85,Delivered,337,2,valid,,,
SH11209,Warehouse_SEA,Minneapolis,OnTrac,2023-07-30,Jul 2023,2023-08-05,Aug 2023,27.10,259.17,Delivered,2087,6,valid,,,
SH10075,Warehouse_HOU,Dallas,OnTrac,2023-07-31,Jul 2023,2023-08-04,Aug 2023,35.30,261.49,Delivered,1673,4,valid,,,
SH11799,Warehouse_CHI,Atlanta,OnTrac,2023-07-31,Jul 2023,2023-08-04,Aug 2023,24.60,231.44,Delivered,1711,4,valid,,,
SH11882,Warehouse_LA,Phoenix,UPS,2023-07-31,Jul 2023,2023-08-04,Aug 2023,29.90,84.58,Delivered,373,4,valid,,,
SH10077,Warehouse_CHI,Seattle,USPS,2023-07-31,Jul 2023,2023-08-02,Aug 2023,20.80,130.21,Lost,994,2,valid,,,
SH11848,Warehouse_ATL,Minneapolis,Amazon Logistics,2023-08-01,Aug 2023,2023-08-15,Aug 2023,79.60,,Delayed,1521,6,valid,,,
SH11110,Warehouse_NYC,Portland,FedEx,2023-08-01,Aug 2023,2023-08-07,Aug 2023,22.90,358.05,Delivered,2443,6,valid,,,
SH11303,Warehouse_BOS,Minneapolis,LaserShip,2023-08-01,Aug 2023,2023-08-03,Aug 2023,78.90,171.25,Delivered,729,2,valid,,,
SH11408,Warehouse_DEN,Los Angeles,Amazon Logistics,2023-08-01,Aug 2023,2023-08-03,Aug 2023,20.80,99.54,Delivered,637,2,valid,,,
SH11665,Warehouse_SEA,Chicago,Amazon Logistics,2023-08-01,Aug 2023,2023-08-09,Aug 2023,70.50,367.67,Delivered,2442,8,valid,,,
SH11739,Warehouse_LA,Phoenix,OnTrac,2023-08-01,Aug 2023,2023-08-03,Aug 2023,9.70,60.27,Delivered,373,2,valid,,,
SH11778,Warehouse_SEA,Atlanta,FedEx,2023-08-01,Aug 2023,2023-08-03,Aug 2023,10.30,47.05,Delivered,224,2,valid,,,
SH11987,Warehouse_HOU,Miami,LaserShip,2023-08-01,Aug 2023,2023-08-04,Aug 2023,6.50,115.78,Delivered,948,3,valid,,,
SH11474,Warehouse_LA,Portland,DHL,2023-08-02,Aug 2023,2023-08-08,Aug 2023,28.40,390.30,Delivered,2293,6,valid,,,
SH11924,Warehouse_NYC,Portland,USPS,2023-08-02,Aug 2023,2023-08-07,Aug 2023,16.70,179.65,Delivered,1438,5,valid,,,
SH10634,Warehouse_ATL,Minneapolis,USPS,2023-08-03,Aug 2023,2023-08-06,Aug 2023,16.20,93.12,Delivered,651,3,valid,,,
SH11105,Warehouse_LA,San Francisco,LaserShip,2023-08-03,Aug 2023,2023-08-10,Aug 2023,54.60,6562.21,Delivered,1942,7,valid,,,
SH11751,Warehouse_BOS,Dallas,LaserShip,2023-08-03,Aug 2023,2023-08-08,Aug 2023,20.20,,Delivered,1360,5,valid,,,
SH11880,Warehouse_NYC,Minneapolis,OnTrac,2023-08-03,Aug 2023,2023-08-06,Aug 2023,25.60,114.68,Delivered,801,3,valid,,,
SH11803,Warehouse_LA,Dallas,USPS,2023-08-03,Aug 2023,2023-08-09,Aug 2023,29.40,212.90,In Transit,1435,6,valid,,,
SH10061,Warehouse_ATL,Chicago,LaserShip,2023-08-04,Aug 2023,2023-08-07,Aug 2023,9.80,93.30,Delivered,708,3,valid,,,
SH10216,Warehouse_NYC,Los Angeles,USPS,2023-08-04,Aug 2023,2023-08-09,Aug 2023,24.10,141.81,Delivered,1082,5,valid,,,
SH10425,Warehouse_ATL,Denver,LaserShip,2023-08-04,Aug 2023,2023-08-05,Aug 2023,5.90,30.32,Delivered,212,1,valid,,,
SH10649,Warehouse_LA,Portland,OnTrac,2023-08-04,Aug 2023,2023-08-08,Aug 2023,12.10,144.44,Delivered,1029,4,valid,,,
SH10859,Warehouse_DEN,Atlanta,USPS,2023-08-04,Aug 2023,2023-08-09,Aug 2023,9.10,144.68,Delivered,1069,5,valid,,,
SH11933,Warehouse_DEN,Miami,USPS,2023-08-04,Aug 2023,2023-08-10,Aug 2023,20.30,295.36,Delivered,2353,6,valid,,,
SH11002,Warehouse_ATL,Minneapolis,DHL,2023-08-05,Aug 2023,2023-08-19,Aug 2023,29.70,98.25,Delayed,456,1,valid,,,
SH10718,Warehouse_LA,Seattle,Amazon Logistics,2023-08-05,Aug 2023,,,35.00,,Delivered,1135,3,invalid,,,
SH11056,Warehouse_BOS,New York,UPS,2023-08-05,Aug 2023,2023-08-08,Aug 2023,18.00,63.23,Delivered,312,3,valid,,,
SH11220,Warehouse_ATL,Phoenix,UPS,2023-08-05,Aug 2023,2023-08-12,Aug 2023,42.00,359.87,Delivered,2255,7,valid,,,
SH11476,Warehouse_ATL,Seattle,FedEx,2023-08-05,Aug 2023,2023-08-09,Aug 2023,153.00,334.41,Delivered,1058,4,valid,,,
SH11591,Warehouse_MIA,Los Angeles,OnTrac,2023-08-05,Aug 2023,2023-08-11,Aug 2023,23.40,311.04,Delivered,2447,6,valid,,,
SH11676,Warehouse_ATL,Detroit,Amazon Logistics,2023-08-05,Aug 2023,2023-08-12,Aug 2023,11.40,263.34,Delivered,2178,7,valid,,,
SH11432,Warehouse_HOU,Houston,LaserShip,2023-08-05,Aug 2023,2023-08-09,Aug 2023,11.30,181.83,In Transit,1541,4,valid,,,
SH10050,Warehouse_MIA,New York,FedEx,2023-08-06,Aug 2023,2023-08-22,Aug 2023,29.50,340.07,Delayed,2396,6,valid,,,
SH11168,Warehouse_LA,Phoenix,UPS,2023-08-06,Aug 2023,2023-08-11,Aug 2023,27.10,75.57,Delivered,373,5,valid,,,
SH11018,Warehouse_SEA,San Francisco,Amazon Logistics,2023-08-06,Aug 2023,2023-08-10,Aug 2023,23.70,280.45,Returned,2017,4,valid,,,
SH10393,Warehouse_NYC,Atlanta,FedEx,2023-08-07,Aug 2023,2023-08-09,Aug 2023,50.40,175.48,Delivered,870,2,valid,,,
SH11580,Warehouse_SEA,Denver,UPS,2023-08-07,Aug 2023,,,52.40,194.19,Delivered,1071,4,invalid,,,
SH11853,Warehouse_BOS,San Francisco,LaserShip,2023-08-07,Aug 2023,2023-08-13,Aug 2023,21.50,293.41,Delivered,2170,6,valid,,,
SH10012,Warehouse_SEA,New York,FedEx,2023-08-08,Aug 2023,2023-08-13,Aug 2023,34.40,121.14,Delivered,650,5,valid,,,
SH11241,Warehouse_ATL,Denver,LaserShip,2023-08-08,Aug 2023,2023-08-10,Aug 2023,22.80,46.91,Delivered,203,2,valid,,,
SH11839,Warehouse_ATL,Portland,FedEx,2023-08-08,Aug 2023,2023-08-12,Aug 2023,25.10,296.48,Delivered,1809,4,valid,,,
SH11958,Warehouse_DEN,Boston,USPS,2023-08-08,Aug 2023,2023-08-14,Aug 2023,23.40,226.29,In Transit,1921,6,valid,,,
SH10919,Warehouse_HOU,Minneapolis,DHL,2023-08-09,Aug 2023,2023-08-12,Aug 2023,22.50,171.17,Delivered,1017,3,valid,,,
SH11008,Warehouse_BOS,Phoenix,DHL,2023-08-09,Aug 2023,2023-08-15,Aug 2023,20.60,317.60,Delivered,1975,6,valid,,,
SH11264,Warehouse_SEA,Portland,LaserShip,2023-08-09,Aug 2023,2023-08-12,Aug 2023,36.40,77.58,Delivered,243,3,valid,,,
SH11521,Warehouse_DEN,Denver,DHL,2023-08-09,Aug 2023,2023-08-10,Aug 2023,11.40,44.40,Delivered,234,1,valid,,,
SH11829,Warehouse_SF,Portland,FedEx,2023-08-09,Aug 2023,2023-08-10,Aug 2023,27.90,59.52,Delivered,139,1,valid,,,
SH11915,Warehouse_SF,New York,USPS,2023-08-09,Aug 2023,2023-08-13,Aug 2023,23.50,79.71,Delivered,409,4,valid,,,
SH11974,Warehouse_LA,Houston,DHL,2023-08-09,Aug 2023,2023-08-13,Aug 2023,14.40,125.69,Delivered,693,4,valid,,,
SH11780,Warehouse_DEN,Miami,USPS,2023-08-09,Aug 2023,2023-08-12,Aug 2023,47.30,215.93,Lost,1552,3,valid,,,
SH10020,Warehouse_MIA,Miami,FedEx,2023-08-10,Aug 2023,,,7.80,216.42,Delivered,1696,5,invalid,,,
SH10123,Warehouse_ATL,Phoenix,OnTrac,2023-08-10,Aug 2023,2023-08-14,Aug 2023,50.10,210.77,Delivered,1297,4,valid,,,
SH10500,Warehouse_ATL,Seattle,UPS,2023-08-10,Aug 2023,2023-08-15,Aug 2023,4.40,316.41,Delivered,2252,5,valid,,,
SH10745,Warehouse_NYC,Miami,Amazon Logistics,2023-08-10,Aug 2023,2023-08-14,Aug 2023,30.80,255.81,Delivered,1692,4,valid,,,
SH11426,Warehouse_ATL,San Francisco,UPS,2023-08-10,Aug 2023,2023-08-14,Aug 2023,4.90,,Delivered,1591,4,valid,,,
SH11336,Warehouse_CHI,Denver,USPS,2023-08-10,Aug 2023,2023-08-13,Aug 2023,21.50,127.75,In Transit,1000,3,valid,,,
SH10305,Warehouse_CHI,Denver,OnTrac,2023-08-11,Aug 2023,2023-08-17,Aug 2023,46.90,188.95,Delayed,1000,2,valid,,,
SH10024,Warehouse_DEN,Phoenix,USPS,2023-08-11,Aug 2023,2023-08-15,Aug 2023,5.30,37.32,Delivered,256,4,valid,,,
SH10807,Warehouse_SF,Seattle,USPS,2023-08-11,Aug 2023,2023-08-16,Aug 2023,30.30,247.69,Delivered,2049,5,valid,,,
SH11173,Warehouse_SF,Minneapolis,LaserShip,2023-08-11,Aug 2023,2023-08-14,Aug 2023,60.80,217.77,Delivered,1157,3,valid,,,
SH11177,Warehouse_DEN,Minneapolis,LaserShip,2023-08-11,Aug 2023,2023-08-13,Aug 2023,31.40,92.42,Delivered,422,2,valid,,,
SH11299,Warehouse_MIA,San Francisco,Amazon Logistics,2023-08-11,Aug 2023,2023-08-15,Aug 2023,24.50,191.05,Delivered,1373,4,valid,,,
SH10983,Warehouse_MIA,Chicago,USPS,2023-08-11,Aug 2023,2023-08-17,Aug 2023,27.00,210.66,Lost,1555,6,valid,,,
SH11128,Warehouse_DEN,Phoenix,LaserShip,2023-08-12,Aug 2023,2023-08-19,Aug 2023,28.40,95.99,Delayed,496,1,valid,,,
SH10146,Warehouse_BOS,Portland,USPS,2023-08-12,Aug 2023,2023-08-17,Aug 2023,23.70,,Delivered,1459,5,valid,,,
SH10233,Warehouse_ATL,Los Angeles,Amazon Logistics,2023-08-12,Aug 2023,2023-08-16,Aug 2023,18.50,109.50,Delivered,816,4,valid,,,
SH10374,Warehouse_MIA,Chicago,FedEx,2023-08-12,Aug 2023,2023-08-17,Aug 2023,21.80,299.40,Delivered,2196,5,valid,,,
SH10391,Warehouse_LA,San Francisco,Amazon Logistics,2023-08-12,Aug 2023,2023-08-19,Aug 2023,32.40,332.08,Delivered,2409,7,valid,,,
SH10630,Warehouse_SF,Los Angeles,DHL,2023-08-12,Aug 2023,2023-08-14,Aug 2023,54.70,191.49,Delivered,723,2,valid,,,
SH10243,Warehouse_ATL,Chicago,DHL,2023-08-12,Aug 2023,2023-08-17,Aug 2023,11.80,92.57,In Transit,590,5,valid,,,
SH10840,Warehouse_CHI,Atlanta,LaserShip,2023-08-13,Aug 2023,2023-08-19,Aug 2023,16.90,192.93,Delivered,1506,6,valid,,,
SH10971,Warehouse_BOS,Denver,OnTrac,2023-08-13,Aug 2023,2023-08-18,Aug 2023,16.30,25.20,Delivered,2033,5,valid,,,
SH11229,Warehouse_ATL,Boston,LaserShip,2023-08-13,Aug 2023,2023-08-15,Aug 2023,10.40,80.42,Delivered,615,2,valid,,,
SH10179,Warehouse_CHI,Portland,Amazon Logistics,2023-08-14,Aug 2023,2023-08-27,Aug 2023,30.30,154.16,Delayed,1081,3,valid,,,
SH10709,Warehouse_DEN,Boston,LaserShip,2023-08-14,Aug 2023,2023-08-18,Aug 2023,27.50,172.21,Delivered,1086,4,valid,,,
SH10844,Warehouse_SF,Atlanta,LaserShip,2023-08-14,Aug 2023,2023-08-19,Aug 2023,30.80,251.75,Delivered,1737,5,valid,,,
SH11167,Warehouse_SF,Boston,DHL,2023-08-14,Aug 2023,2023-08-19,Aug 2023,5.70,241.01,Delivered,1582,5,valid,,,
SH11406,Warehouse_CHI,Miami,OnTrac,2023-08-14,Aug 2023,2023-08-18,Aug 2023,39.90,220.09,Delivered,1350,4,valid,,,
SH11719,Warehouse_HOU,Denver,OnTrac,2023-08-14,Aug 2023,2023-08-17,Aug 2023,17.30,146.14,Delivered,1030,3,valid,,,
SH11016,Warehouse_MIA,Houston,LaserShip,2023-08-14,Aug 2023,2023-08-19,Aug 2023,21.40,113.32,Lost,790,5,valid,,,
SH10108,Warehouse_MIA,Minneapolis,LaserShip,2023-08-15,Aug 2023,2023-08-19,Aug 2023,12.80,198.31,Delivered,1534,4,valid,,,
SH10680,Warehouse_ATL,Houston,FedEx,2023-08-15,Aug 2023,2023-08-20,Aug 2023,122.70,432.92,Delivered,1984,5,valid,,,
SH10385,Warehouse_CHI,San Francisco,OnTrac,2023-08-16,Aug 2023,2023-08-22,Aug 2023,44.40,179.93,Delivered,1059,6,valid,,,
SH10461,Warehouse_LA,Minneapolis,FedEx,2023-08-16,Aug 2023,2023-08-17,Aug 2023,21.40,49.49,Delivered,162,1,valid,,,
SH10771,Warehouse_CHI,Detroit,FedEx,2023-08-16,Aug 2023,2023-08-18,Aug 2023,41.80,84.62,Delivered,283,2,valid,,,
SH10783,Warehouse_BOS,Dallas,LaserShip,2023-08-16,Aug 2023,2023-08-19,Aug 2023,19.30,147.73,Delivered,1068,3,valid,,,
SH11051,Warehouse_SF,Denver,DHL,2023-08-16,Aug 2023,2023-08-20,Aug 2023,18.10,205.49,Delivered,1418,4,valid,,,
SH11052,Warehouse_NYC,Dallas,DHL,2023-08-16,Aug 2023,2023-08-23,Aug 2023,8.20,257.45,Delivered,1838,7,valid,,,
SH11314,Warehouse_HOU,Phoenix,DHL,2023-08-16,Aug 2023,2023-08-23,Aug 2023,9.60,248.88,Delivered,1664,7,valid,,,
SH11378,Warehouse_MIA,Boston,OnTrac,2023-08-16,Aug 2023,2023-08-21,Aug 2023,12.00,190.22,Returned,1617,5,valid,,,
SH11628,Warehouse_HOU,Detroit,Amazon Logistics,2023-08-17,Aug 2023,2023-08-22,Aug 2023,23.40,89.92,Delayed,454,1,valid,,,
SH10338,Warehouse_CHI,Portland,UPS,2023-08-17,Aug 2023,2023-08-22,Aug 2023,12.30,310.02,Delivered,2328,5,valid,,,
SH10660,Warehouse_SEA,Los Angeles,Amazon Logistics,2023-08-17,Aug 2023,2023-08-22,Aug 2023,6.30,315.26,Delivered,2363,5,valid,,,
SH10922,Warehouse_HOU,Detroit,UPS,2023-08-17,Aug 2023,2023-08-23,Aug 2023,12.80,6229.12,Delivered,2490,6,valid,,,
SH11879,Warehouse_NYC,Seattle,DHL,2023-08-17,Aug 2023,2023-08-21,Aug 2023,10.20,286.07,Delivered,1919,4,valid,,,
SH11226,Warehouse_ATL,Miami,DHL,2023-08-18,Aug 2023,2023-09-02,Sep 2023,36.30,266.23,Delayed,1635,4,valid,,,
SH10276,Warehouse_ATL,Dallas,FedEx,2023-08-18,Aug 2023,2023-08-24,Aug 2023,18.00,305.41,Delivered,2218,6,valid,,,
SH10760,Warehouse_BOS,Miami,DHL,2023-08-18,Aug 2023,2023-08-26,Aug 2023,35.30,212.84,Delivered,1056,8,valid,,,
SH11503,Warehouse_CHI,Denver,FedEx,2023-08-18,Aug 2023,2023-08-20,Aug 2023,22.30,151.26,Delivered,1000,2,valid,,,
SH11654,Warehouse_NYC,Los Angeles,FedEx,2023-08-18,Aug 2023,2023-08-20,Aug 2023,5.30,107.55,Delivered,846,2,valid,,,
SH11103,Warehouse_LA,San Francisco,FedEx,2023-08-18,Aug 2023,2023-08-24,Aug 2023,7.70,49.02,In Transit,313,6,valid,,,
SH11512,Warehouse_ATL,Detroit,LaserShip,2023-08-19,Aug 2023,2023-08-29,Aug 2023,23.90,321.25,Delayed,2386,5,valid,,,
SH10106,Warehouse_HOU,Denver,OnTrac,2023-08-19,Aug 2023,2023-08-22,Aug 2023,22.60,149.52,Delivered,1030,3,valid,,,
SH10814,Warehouse_NYC,Los Angeles,LaserShip,2023-08-19,Aug 2023,2023-08-22,Aug 2023,14.70,124.34,Delivered,909,3,valid,,,
SH10838,Warehouse_BOS,San Francisco,OnTrac,2023-08-19,Aug 2023,2023-08-25,Aug 2023,10.40,45.53,Delivered,255,6,valid,,,
SH11402,Warehouse_MIA,Seattle,DHL,2023-08-19,Aug 2023,2023-08-23,Aug 2023,24.10,256.71,Delivered,1807,4,valid,,,
SH11588,Warehouse_HOU,Detroit,Amazon Logistics,2023-08-19,Aug 2023,2023-08-24,Aug 2023,38.10,172.76,Delivered,1115,5,valid,,,
SH11731,Warehouse_CHI,Minneapolis,Amazon Logistics,2023-08-19,Aug 2023,2023-08-21,Aug 2023,14.30,44.86,Delivered,226,2,valid,,,
SH11726,Warehouse_ATL,Houston,UPS,2023-08-19,Aug 2023,2023-08-22,Aug 2023,9.50,177.71,In Transit,1321,3,valid,,,
SH11454,Warehouse_ATL,Minneapolis,Amazon Logistics,2023-08-19,Aug 2023,2023-08-26,Aug 2023,29.20,279.85,Lost,1843,7,valid,,,
SH11006,Warehouse_CHI,Detroit,Amazon Logistics,2023-08-20,Aug 2023,2023-08-25,Aug 2023,6.90,39.81,Delayed,283,3,valid,,,
SH10096,Warehouse_MIA,Atlanta,DHL,2023-08-20,Aug 2023,2023-08-21,Aug 2023,9.60,42.77,Delivered,241,1,valid,,,
SH11159,Warehouse_BOS,Atlanta,DHL,2023-08-20,Aug 2023,2023-08-23,Aug 2023,6.90,149.93,Delivered,1077,3,valid,,,
SH11470,Warehouse_SF,Phoenix,DHL,2023-08-20,Aug 2023,2023-08-25,Aug 2023,54.40,266.93,Delivered,1340,5,valid,,,
SH11705,Warehouse_LA,Portland,LaserShip,2023-08-20,Aug 2023,2023-08-24,Aug 2023,40.50,155.06,Delivered,787,4,valid,,,
SH10796,Warehouse_LA,Chicago,Amazon Logistics,2023-08-21,Aug 2023,2023-08-25,Aug 2023,12.40,228.09,Delivered,1640,4,valid,,,
SH10952,Warehouse_NYC,Los Angeles,FedEx,2023-08-21,Aug 2023,2023-08-27,Aug 2023,28.30,318.34,Delivered,2076,6,valid,,,
SH11156,Warehouse_SF,Minneapolis,LaserShip,2023-08-21,Aug 2023,2023-08-28,Aug 2023,72.20,354.20,Delivered,2135,7,valid,,,
SH11486,Warehouse_HOU,Phoenix,USPS,2023-08-21,Aug 2023,2023-08-25,Aug 2023,21.50,154.34,Delivered,1209,4,valid,,,
SH10429,Warehouse_NYC,Detroit,OnTrac,2023-08-21,Aug 2023,2023-08-30,Aug 2023,36.60,311.84,In Transit,2250,9,valid,,,
SH10557,Warehouse_BOS,Phoenix,USPS,2023-08-21,Aug 2023,2023-08-25,Aug 2023,12.90,101.44,In Transit,825,4,valid,,,
SH11871,Warehouse_BOS,Chicago,OnTrac,2023-08-21,Aug 2023,2023-08-24,Aug 2023,28.40,117.74,In Transit,677,3,valid,,,
SH10751,Warehouse_BOS,Phoenix,LaserShip,2023-08-22,Aug 2023,2023-09-02,Sep 2023,43.80,138.23,Delayed,691,3,valid,,,
SH10653,Warehouse_NYC,Chicago,DHL,2023-08-22,Aug 2023,2023-08-24,Aug 2023,31.70,163.48,Delivered,790,2,valid,,,
SH10753,Warehouse_MIA,Detroit,USPS,2023-08-22,Aug 2023,2023-08-30,Aug 2023,24.70,280.23,Delivered,2030,8,valid,,,
SH11494,Warehouse_DEN,Seattle,USPS,2023-08-22,Aug 2023,2023-08-27,Aug 2023,13.20,269.86,Delivered,2309,5,valid,,,
SH11644,Warehouse_HOU,San Francisco,OnTrac,2023-08-22,Aug 2023,2023-08-28,Aug 2023,12.30,190.39,Delivered,1393,6,valid,,,
SH10865,Warehouse_ATL,Chicago,Amazon Logistics,2023-08-23,Aug 2023,2023-09-03,Sep 2023,72.50,350.54,Delayed,2411,7,valid,,,
SH10167,Warehouse_LA,Miami,UPS,2023-08-23,Aug 2023,2023-08-25,Aug 2023,5.70,24.11,Delivered,143,2,valid,,,
SH10487,Warehouse_BOS,Detroit,Amazon Logistics,2023-08-23,Aug 2023,2023-08-28,Aug 2023,26.80,280.97,Delivered,1996,5,valid,,,
SH10924,Warehouse_BOS,Houston,FedEx,2023-08-23,Aug 2023,2023-08-29,Aug 2023,13.60,326.71,Delivered,2328,6,valid,,,
SH11025,Warehouse_BOS,Chicago,FedEx,2023-08-23,Aug 2023,2023-08-28,Aug 2023,21.80,325.09,Delivered,2387,5,valid,,,
SH11074,Warehouse_CHI,Miami,Amazon Logistics,2023-08-23,Aug 2023,2023-08-27,Aug 2023,13.90,163.87,Delivered,1350,4,valid,,,
SH11678,Warehouse_DEN,Boston,LaserShip,2023-08-23,Aug 2023,2023-08-28,Aug 2023,45.50,293.95,Delivered,2201,5,valid,,,
SH11045,Warehouse_SEA,Los Angeles,LaserShip,2023-08-23,Aug 2023,2023-08-26,Aug 2023,31.80,101.30,In Transit,519,3,valid,,,
SH10021,Warehouse_SEA,Houston,LaserShip,2023-08-23,Aug 2023,2023-08-27,Aug 2023,29.60,216.63,Returned,1407,4,valid,,,
SH10484,Warehouse_MIA,Detroit,LaserShip,2023-08-24,Aug 2023,2023-09-02,Sep 2023,13.40,31.36,Delayed,119,2,valid,,,
SH10768,Warehouse_MIA,Chicago,DHL,2023-08-24,Aug 2023,2023-08-29,Aug 2023,57.50,257.60,Delayed,1260,3,valid,,,
SH10759,Warehouse_SEA,Chicago,USPS,2023-08-24,Aug 2023,2023-08-28,Aug 2023,71.00,148.26,Delivered,706,4,valid,,,
SH10827,Warehouse_NYC,Detroit,DHL,2023-08-24,Aug 2023,2023-08-26,Aug 2023,27.70,51.34,Delivered,121,2,valid,,,
SH11153,Warehouse_MIA,San Francisco,LaserShip,2023-08-24,Aug 2023,2023-08-31,Aug 2023,0.30,273.62,Delivered,2149,7,valid,,,
SH11206,Warehouse_SEA,Boston,FedEx,2023-08-24,Aug 2023,2023-08-29,Aug 2023,34.10,328.13,Delivered,2324,5,valid,,,
SH11297,Warehouse_SEA,Portland,LaserShip,2023-08-24,Aug 2023,2023-08-29,Aug 2023,10.10,185.32,Delivered,1310,5,valid,,,
SH11553,Warehouse_BOS,Atlanta,LaserShip,2023-08-24,Aug 2023,2023-08-30,Aug 2023,50.50,323.77,Delivered,2250,6,valid,,,
SH11618,Warehouse_SF,Boston,USPS,2023-08-24,Aug 2023,2023-08-27,Aug 2023,8.80,132.34,Delivered,1021,3,valid,,,
SH10238,Warehouse_MIA,Denver,OnTrac,2023-08-25,Aug 2023,2023-08-28,Aug 2023,31.80,125.07,Delivered,816,3,valid,,,
SH10364,Warehouse_SF,Portland,OnTrac,2023-08-25,Aug 2023,2023-08-27,Aug 2023,18.70,90.94,Delivered,604,2,valid,,,
SH10963,Warehouse_DEN,Boston,LaserShip,2023-08-25,Aug 2023,2023-08-30,Aug 2023,49.60,169.64,Delivered,820,5,valid,,,
SH11150,Warehouse_DEN,Houston,UPS,2023-08-25,Aug 2023,2023-09-01,Sep 2023,25.30,334.33,Delivered,2305,7,valid,,,
SH11523,Warehouse_CHI,San Francisco,Amazon Logistics,2023-08-25,Aug 2023,2023-08-31,Aug 2023,12.20,259.25,Delivered,2271,6,valid,,,
SH11266,Warehouse_SEA,Portland,FedEx,2023-08-26,Aug 2023,2023-08-30,Aug 2023,16.40,240.73,Delivered,1726,4,valid,,,
SH11747,Warehouse_SF,Portland,USPS,2023-08-26,Aug 2023,2023-08-30,Aug 2023,36.70,163.14,Delivered,1070,4,valid,,,
SH10550,Warehouse_ATL,Boston,USPS,2023-08-27,Aug 2023,2023-08-29,Aug 2023,21.40,109.10,Delivered,838,2,valid,,,
SH10703,Warehouse_ATL,Chicago,USPS,2023-08-27,Aug 2023,2023-08-28,Aug 2023,6.70,52.00,Delivered,357,1,valid,,,
SH11121,Warehouse_SEA,Boston,FedEx,2023-08-27,Aug 2023,2023-09-01,Sep 2023,17.20,248.83,Delivered,1896,5,valid,,,
SH11650,Warehouse_CHI,Dallas,OnTrac,2023-08-27,Aug 2023,2023-08-30,Aug 2023,9.90,67.66,Delivered,520,3,valid,,,
SH11842,Warehouse_HOU,Detroit,OnTrac,2023-08-27,Aug 2023,2023-08-30,Aug 2023,5.30,73.00,Delivered,503,3,valid,,,
SH10101,Warehouse_DEN,Miami,LaserShip,2023-08-28,Aug 2023,2023-08-30,Aug 2023,51.00,,Delivered,179,2,valid,,,
SH10213,Warehouse_ATL,Denver,Amazon Logistics,2023-08-28,Aug 2023,2023-09-05,Sep 2023,28.50,284.40,Delivered,2074,8,valid,,,
SH10353,Warehouse_HOU,Minneapolis,OnTrac,2023-08-28,Aug 2023,2023-09-02,Sep 2023,34.30,287.66,Delivered,2065,5,valid,,,
SH10469,Warehouse_LA,Dallas,DHL,2023-08-28,Aug 2023,2023-09-03,Sep 2023,19.70,244.45,Delivered,1435,6,valid,,,
SH10575,Warehouse_SF,Boston,USPS,2023-08-28,Aug 2023,2023-08-31,Aug 2023,26.90,103.85,Delivered,640,3,valid,,,
SH11335,Warehouse_LA,Denver,LaserShip,2023-08-28,Aug 2023,2023-09-03,Sep 2023,20.50,105.64,Delivered,638,6,valid,,,
SH11745,Warehouse_HOU,Boston,USPS,2023-08-28,Aug 2023,2023-09-02,Sep 2023,54.60,185.97,Delivered,942,5,valid,,,
SH11895,Warehouse_CHI,Denver,UPS,2023-08-28,Aug 2023,2023-08-31,Aug 2023,40.70,175.45,Delivered,1000,3,valid,,,
SH10420,Warehouse_MIA,Houston,OnTrac,2023-08-28,Aug 2023,2023-09-01,Sep 2023,26.80,190.03,In Transit,1346,4,valid,,,
SH10791,Warehouse_NYC,Los Angeles,FedEx,2023-08-29,Aug 2023,2023-09-02,Sep 2023,6.80,155.95,Delivered,1007,4,valid,,,
SH11655,Warehouse_LA,Boston,Amazon Logistics,2023-08-29,Aug 2023,2023-09-01,Sep 2023,23.70,137.37,Delivered,905,3,valid,,,
SH11028,Warehouse_SF,Detroit,UPS,2023-08-29,Aug 2023,2023-09-01,Sep 2023,12.40,129.81,In Transit,842,3,valid,,,
SH11524,Warehouse_SF,Miami,FedEx,2023-08-29,Aug 2023,2023-09-02,Sep 2023,22.80,221.62,Returned,1599,4,valid,,,
SH10231,Warehouse_CHI,Detroit,FedEx,2023-08-30,Aug 2023,2023-09-12,Sep 2023,19.80,63.39,Delayed,283,2,valid,,,
SH10494,Warehouse_SEA,New York,DHL,2023-08-30,Aug 2023,2023-09-01,Sep 2023,11.40,65.29,Delivered,319,2,valid,,,
SH10508,Warehouse_BOS,Denver,USPS,2023-08-30,Aug 2023,2023-08-31,Aug 2023,9.90,52.96,Delivered,328,1,valid,,,
SH11322,Warehouse_BOS,Detroit,LaserShip,2023-08-30,Aug 2023,2023-09-04,Sep 2023,25.70,62.58,Delivered,251,5,valid,,,
SH11896,Warehouse_NYC,Minneapolis,FedEx,2023-08-30,Aug 2023,2023-09-07,Sep 2023,84.80,383.33,Delivered,2141,8,valid,,,
SH11387,Warehouse_SEA,Boston,OnTrac,2023-08-31,Aug 2023,2023-09-16,Sep 2023,15.50,191.24,Delayed,1482,4,valid,,,
SH10263,Warehouse_DEN,Portland,FedEx,2023-08-31,Aug 2023,2023-09-01,Sep 2023,8.60,34.32,Delivered,165,1,valid,,,
SH10412,Warehouse_MIA,Denver,USPS,2023-08-31,Aug 2023,2023-09-02,Sep 2023,34.10,114.04,Delivered,616,2,valid,,,
SH10490,Warehouse_SF,Los Angeles,Amazon Logistics,2023-08-31,Aug 2023,2023-09-06,Sep 2023,14.90,186.30,Delivered,1508,6,valid,,,
SH10716,Warehouse_CHI,Houston,LaserShip,2023-08-31,Aug 2023,2023-09-08,Sep 2023,12.00,321.79,Delivered,2422,8,valid,,,
SH11126,Warehouse_HOU,Miami,UPS,2023-08-31,Aug 2023,2023-09-02,Sep 2023,40.70,140.21,Delivered,807,2,valid,,,
SH11286,Warehouse_LA,Chicago,OnTrac,2023-08-31,Aug 2023,2023-09-03,Sep 2023,23.10,157.08,Delivered,1139,3,valid,,,
SH11477,Warehouse_MIA,San Francisco,DHL,2023-08-31,Aug 2023,2023-09-03,Sep 2023,14.20,101.86,Delivered,580,3,valid,,,
SH11685,Warehouse_NYC,Boston,OnTrac,2023-08-31,Aug 2023,2023-09-02,Sep 2023,19.00,46.94,Delivered,215,2,valid,,,
SH11943,Warehouse_SEA,Chicago,USPS,2023-08-31,Aug 2023,2023-09-02,Sep 2023,18.00,,Delivered,971,2,valid,,,
SH10068,Warehouse_SEA,Atlanta,FedEx,2023-09-01,Sep 2023,2023-09-09,Sep 2023,26.20,261.81,Delivered,1801,8,valid,,,
SH10169,Warehouse_DEN,Phoenix,FedEx,2023-09-01,Sep 2023,2023-09-06,Sep 2023,84.20,414.53,Delivered,2302,5,valid,,,
SH10349,Warehouse_SEA,Houston,UPS,2023-09-01,Sep 2023,2023-09-04,Sep 2023,26.10,75.76,Delivered,325,3,valid,,,
SH11424,Warehouse_SF,Dallas,OnTrac,2023-09-01,Sep 2023,2023-09-06,Sep 2023,34.00,255.91,Delivered,1631,5,valid,,,
SH11812,Warehouse_NYC,Phoenix,OnTrac,2023-09-01,Sep 2023,2023-09-05,Sep 2023,16.70,203.66,Delivered,1423,4,valid,,,
SH11888,Warehouse_NYC,San Francisco,Amazon Logistics,2023-09-01,Sep 2023,2023-09-03,Sep 2023,10.70,,Delivered,392,2,valid,,,
SH10126,Warehouse_SEA,Miami,UPS,2023-09-02,Sep 2023,2023-09-09,Sep 2023,90.20,384.64,Delivered,2188,7,valid,,,
SH10278,Warehouse_LA,Los Angeles,OnTrac,2023-09-02,Sep 2023,2023-09-08,Sep 2023,9.60,242.90,Delivered,2001,6,valid,,,
SH10933,Warehouse_SF,Boston,OnTrac,2023-09-02,Sep 2023,2023-09-05,Sep 2023,36.50,128.00,Delivered,757,3,valid,,,
SH11225,Warehouse_HOU,Chicago,USPS,2023-09-02,Sep 2023,2023-09-08,Sep 2023,15.10,253.23,Delivered,2145,6,valid,,,
SH11319,Warehouse_CHI,Houston,UPS,2023-09-02,Sep 2023,2023-09-07,Sep 2023,21.60,251.91,Delivered,2001,5,valid,,,
SH11781,Warehouse_HOU,Detroit,OnTrac,2023-09-02,Sep 2023,2023-09-08,Sep 2023,30.50,322.75,Delivered,2410,6,valid,,,
SH10389,Warehouse_MIA,Boston,OnTrac,2023-09-03,Sep 2023,2023-09-11,Sep 2023,17.70,,Delivered,2465,8,valid,,,
SH10475,Warehouse_SEA,Detroit,OnTrac,2023-09-03,Sep 2023,2023-09-06,Sep 2023,10.80,48.75,Delivered,262,3,valid,,,
SH10496,Warehouse_MIA,Denver,FedEx,2023-09-03,Sep 2023,2023-09-06,Sep 2023,68.50,235.28,Delivered,1058,3,valid,,,
SH10512,Warehouse_CHI,Portland,LaserShip,2023-09-03,Sep 2023,2023-09-07,Sep 2023,12.10,206.41,Delivered,1553,4,valid,,,
SH11263,Warehouse_HOU,Detroit,LaserShip,2023-09-03,Sep 2023,2023-09-07,Sep 2023,17.00,257.86,Delivered,1985,4,valid,,,
SH11311,Warehouse_SF,New York,LaserShip,2023-09-03,Sep 2023,2023-09-06,Sep 2023,7.00,204.47,Delivered,1503,3,valid,,,
SH11368,Warehouse_NYC,Minneapolis,USPS,2023-09-03,Sep 2023,2023-09-07,Sep 2023,15.10,152.29,Delivered,1216,4,valid,,,
SH11617,Warehouse_HOU,Detroit,USPS,2023-09-04,Sep 2023,2023-09-10,Sep 2023,7.20,,Delayed,881,5,valid,,,
SH10218,Warehouse_HOU,Denver,LaserShip,2023-09-04,Sep 2023,2023-09-07,Sep 2023,17.90,133.27,Delivered,1030,3,valid,,,
SH11157,Warehouse_DEN,Boston,FedEx,2023-09-04,Sep 2023,2023-09-10,Sep 2023,25.00,316.11,Delivered,2154,6,valid,,,
SH11040,Warehouse_CHI,Boston,FedEx,2023-09-05,Sep 2023,2023-09-15,Sep 2023,8.40,237.70,Delayed,1854,5,valid,,,
SH11082,Warehouse_DEN,San Francisco,DHL,2023-09-05,Sep 2023,2023-09-16,Sep 2023,26.70,243.13,Delayed,1505,5,valid,,,
SH10046,Warehouse_LA,Los Angeles,DHL,2023-09-05,Sep 2023,2023-09-11,Sep 2023,9.00,356.77,Delivered,2335,6,valid,,,
SH10357,Warehouse_SF,Boston,DHL,2023-09-05,Sep 2023,2023-09-08,Sep 2023,30.00,187.33,Delivered,1180,3,valid,,,
SH10970,Warehouse_ATL,Phoenix,UPS,2023-09-05,Sep 2023,2023-09-09,Sep 2023,11.90,193.89,Delivered,1290,4,valid,,,
SH11223,Warehouse_SEA,San Francisco,FedEx,2023-09-05,Sep 2023,2023-09-11,Sep 2023,24.90,351.21,Delivered,2438,6,valid,,,
SH11300,Warehouse_MIA,Atlanta,Amazon Logistics,2023-09-05,Sep 2023,2023-09-09,Sep 2023,6.80,141.35,Delivered,1036,4,valid,,,
SH11490,Warehouse_SEA,Seattle,LaserShip,2023-09-05,Sep 2023,2023-09-09,Sep 2023,11.80,88.65,Delivered,670,4,valid,,,
SH10221,Warehouse_CHI,Chicago,FedEx,2023-09-06,Sep 2023,2023-09-09,Sep 2023,86.20,210.89,Delivered,862,3,valid,,,
SH10730,Warehouse_NYC,Chicago,LaserShip,2023-09-06,Sep 2023,2023-09-09,Sep 2023,12.50,106.43,Delivered,790,3,valid,,,
SH10957,Warehouse_SEA,Boston,FedEx,2023-09-06,Sep 2023,2023-09-11,Sep 2023,75.00,402.46,Delivered,2200,5,valid,,,
SH10611,Warehouse_HOU,Dallas,FedEx,2023-09-07,Sep 2023,2023-09-10,Sep 2023,58.10,217.03,Delivered,1113,3,valid,,,
SH10832,Warehouse_LA,Houston,Amazon Logistics,2023-09-07,Sep 2023,2023-09-10,Sep 2023,13.30,179.74,Delivered,1317,3,valid,,,
SH11846,Warehouse_DEN,Denver,Amazon Logistics,2023-09-07,Sep 2023,2023-09-09,Sep 2023,38.90,101.69,Delivered,491,2,valid,,,
SH11964,Warehouse_HOU,Los Angeles,UPS,2023-09-07,Sep 2023,2023-09-15,Sep 2023,36.70,314.18,Delivered,2317,8,valid,,,
SH11976,Warehouse_LA,Dallas,Amazon Logistics,2023-09-07,Sep 2023,2023-09-11,Sep 2023,27.80,198.30,Delivered,1435,4,valid,,,
SH10677,Warehouse_MIA,New York,OnTrac,2023-09-08,Sep 2023,2023-09-13,Sep 2023,20.60,259.44,Delivered,2189,5,valid,,,
SH11483,Warehouse_BOS,Houston,DHL,2023-09-08,Sep 2023,2023-09-11,Sep 2023,21.80,202.57,Delivered,1364,3,valid,,,
SH10811,Warehouse_MIA,Chicago,USPS,2023-09-08,Sep 2023,2023-09-11,Sep 2023,24.60,87.65,In Transit,454,3,valid,,,
SH10776,Warehouse_SF,Chicago,Amazon Logistics,2023-09-09,Sep 2023,2023-09-13,Sep 2023,23.20,191.94,Delivered,1277,4,valid,,,
SH11100,Warehouse_NYC,Miami,FedEx,2023-09-09,Sep 2023,2023-09-13,Sep 2023,15.00,185.82,Delivered,1368,4,valid,,,
SH11614,Warehouse_BOS,Detroit,DHL,2023-09-09,Sep 2023,2023-09-12,Sep 2023,66.70,268.34,Delivered,1387,3,valid,,,
SH10870,Warehouse_ATL,Boston,Amazon Logistics,2023-09-09,Sep 2023,2023-09-13,Sep 2023,32.90,227.09,In Transit,1512,4,valid,,,
SH11248,Warehouse_SEA,Denver,DHL,2023-09-10,Sep 2023,2023-09-17,Sep 2023,58.00,389.41,Delayed,2199,6,valid,,,
SH10317,Warehouse_BOS,Boston,OnTrac,2023-09-10,Sep 2023,2023-09-19,Sep 2023,15.90,284.07,Delivered,2374,9,valid,,,
SH10558,Warehouse_SF,Minneapolis,USPS,2023-09-10,Sep 2023,2023-09-14,Sep 2023,23.60,229.43,Delivered,1852,4,valid,,,
SH10826,Warehouse_LA,Los Angeles,FedEx,2023-09-10,Sep 2023,2023-09-14,Sep 2023,39.10,277.98,Delivered,1645,4,valid,,,
SH11055,Warehouse_ATL,Atlanta,OnTrac,2023-09-10,Sep 2023,2023-09-14,Sep 2023,57.10,259.94,Delivered,1447,4,valid,,,
SH11885,Warehouse_CHI,Los Angeles,Amazon Logistics,2023-09-10,Sep 2023,2023-09-14,Sep 2023,34.70,252.26,Delivered,1603,4,valid,,,
SH11921,Warehouse_HOU,San Francisco,LaserShip,2023-09-10,Sep 2023,2023-09-11,Sep 2023,25.70,55.30,Delivered,231,1,valid,,,
SH11946,Warehouse_NYC,Houston,OnTrac,2023-09-10,Sep 2023,2023-09-13,Sep 2023,17.50,138.84,In Transit,956,3,valid,,,
SH11276,Warehouse_CHI,Boston,Amazon Logistics,2023-09-11,Sep 2023,2023-09-22,Sep 2023,63.60,171.47,Delayed,737,2,valid,,,
SH10898,Warehouse_SF,Denver,OnTrac,2023-09-11,Sep 2023,2023-09-16,Sep 2023,40.50,175.32,Delivered,1176,5,valid,,,
SH10992,Warehouse_HOU,Minneapolis,USPS,2023-09-11,Sep 2023,2023-09-13,Sep 2023,25.50,109.88,Delivered,688,2,valid,,,
SH11086,Warehouse_ATL,Boston,UPS,2023-09-11,Sep 2023,2023-09-17,Sep 2023,41.50,338.34,Delivered,2120,6,valid,,,
SH11245,Warehouse_MIA,Seattle,UPS,2023-09-11,Sep 2023,2023-09-16,Sep 2023,45.40,270.54,Delivered,1794,5,valid,,,
SH11931,Warehouse_LA,Seattle,USPS,2023-09-11,Sep 2023,2023-09-14,Sep 2023,34.20,156.85,Delivered,1135,3,valid,,,
SH10073,Warehouse_LA,Seattle,USPS,2023-09-11,Sep 2023,2023-09-14,Sep 2023,0.60,199.78,In Transit,1135,3,valid,,,
SH11152,Warehouse_DEN,Denver,DHL,2023-09-11,Sep 2023,2023-09-17,Sep 2023,9.20,225.24,In Transit,1505,6,valid,,,
SH10579,Warehouse_ATL,Miami,LaserShip,2023-09-12,Sep 2023,2023-09-26,Sep 2023,32.50,308.35,Delayed,2136,5,valid,,,
SH11500,Warehouse_BOS,Portland,Amazon Logistics,2023-09-12,Sep 2023,2023-09-27,Sep 2023,16.00,110.54,Delayed,770,6,valid,,,
SH10208,Warehouse_LA,Seattle,FedEx,2023-09-12,Sep 2023,2023-09-17,Sep 2023,32.10,193.72,Delivered,1135,5,valid,,,
SH11122,Warehouse_LA,San Francisco,FedEx,2023-09-12,Sep 2023,2023-09-18,Sep 2023,30.80,314.99,Delivered,1981,6,valid,,,
SH11764,Warehouse_SF,Seattle,FedEx,2023-09-12,Sep 2023,2023-09-15,Sep 2023,5.30,76.55,Delivered,559,3,valid,,,
SH10225,Warehouse_BOS,Portland,Amazon Logistics,2023-09-13,Sep 2023,2023-09-18,Sep 2023,19.30,98.54,Delayed,585,1,valid,,,
SH10005,Warehouse_ATL,New York,FedEx,2023-09-13,Sep 2023,2023-09-16,Sep 2023,9.10,143.26,Delivered,898,3,valid,,,
SH10284,Warehouse_ATL,Los Angeles,USPS,2023-09-13,Sep 2023,,,8.00,92.47,Delivered,676,5,invalid,,,
SH10506,Warehouse_ATL,Atlanta,UPS,2023-09-13,Sep 2023,2023-09-18,Sep 2023,8.90,298.41,Delivered,2461,5,valid,,,
SH11948,Warehouse_DEN,Portland,LaserShip,2023-09-13,Sep 2023,2023-09-16,Sep 2023,10.10,138.89,Delivered,1084,3,valid,,,
SH10237,Warehouse_NYC,Seattle,USPS,2023-09-14,Sep 2023,2023-09-20,Sep 2023,85.50,345.35,Delivered,2172,6,valid,,,
SH10383,Warehouse_SF,Chicago,LaserShip,2023-09-14,Sep 2023,2023-09-16,Sep 2023,75.40,109.70,Delivered,242,2,valid,,,
SH10450,Warehouse_BOS,Chicago,DHL,2023-09-14,Sep 2023,2023-09-19,Sep 2023,14.20,279.38,Delivered,1843,5,valid,,,
SH11158,Warehouse_MIA,Boston,OnTrac,2023-09-14,Sep 2023,2023-09-19,Sep 2023,9.60,202.87,In Transit,1608,5,valid,,,
SH11372,Warehouse_MIA,Houston,USPS,2023-09-14,Sep 2023,2023-09-24,Sep 2023,67.20,359.97,Lost,2311,10,valid,,,
SH10171,Warehouse_LA,Chicago,Amazon Logistics,2023-09-15,Sep 2023,2023-09-17,Sep 2023,12.90,114.88,Delivered,755,2,valid,,,
SH10181,Warehouse_NYC,Phoenix,DHL,2023-09-15,Sep 2023,2023-09-20,Sep 2023,10.00,156.13,Delivered,1120,5,valid,,,
SH10458,Warehouse_SF,Denver,UPS,2023-09-15,Sep 2023,2023-09-18,Sep 2023,33.60,195.61,Delivered,1113,3,valid,,,
SH10556,Warehouse_HOU,Minneapolis,DHL,2023-09-15,Sep 2023,2023-09-20,Sep 2023,10.80,200.60,Delivered,1255,5,valid,,,
SH10980,Warehouse_SEA,Los Angeles,USPS,2023-09-15,Sep 2023,2023-09-19,Sep 2023,7.90,161.43,Delivered,1355,4,valid,,,
SH11011,Warehouse_CHI,Denver,FedEx,2023-09-15,Sep 2023,2023-09-18,Sep 2023,30.90,179.89,Delivered,1000,3,valid,,,
SH11910,Warehouse_MIA,Minneapolis,DHL,2023-09-15,Sep 2023,2023-09-24,Sep 2023,23.50,213.18,Delivered,1469,9,valid,,,
SH10204,Warehouse_HOU,New York,OnTrac,2023-09-16,Sep 2023,2023-09-28,Sep 2023,20.10,112.36,Delayed,754,3,valid,,,
SH10258,Warehouse_CHI,Los Angeles,Amazon Logistics,2023-09-16,Sep 2023,2023-09-29,Sep 2023,46.80,105.98,Delayed,410,2,valid,,,
SH11360,Warehouse_SF,Phoenix,OnTrac,2023-09-16,Sep 2023,2023-09-30,Sep 2023,21.20,45.18,Delayed,130,2,valid,,,
SH10135,Warehouse_LA,San Francisco,DHL,2023-09-16,Sep 2023,2023-09-19,Sep 2023,59.40,234.64,Delivered,1070,3,valid,,,
SH10302,Warehouse_SEA,Atlanta,UPS,2023-09-16,Sep 2023,2023-09-20,Sep 2023,25.00,203.15,Delivered,1477,4,valid,,,
SH10428,Warehouse_ATL,Atlanta,USPS,2023-09-16,Sep 2023,2023-09-19,Sep 2023,58.90,136.22,Delivered,569,3,valid,,,
SH10442,Warehouse_NYC,San Francisco,USPS,2023-09-16,Sep 2023,2023-09-20,Sep 2023,13.20,256.53,Delivered,1945,4,valid,,,
SH10701,Warehouse_SEA,Seattle,UPS,2023-09-16,Sep 2023,2023-09-20,Sep 2023,17.70,198.87,Delivered,1498,4,valid,,,
SH11554,Warehouse_MIA,Detroit,LaserShip,2023-09-16,Sep 2023,2023-09-23,Sep 2023,9.00,261.35,Delivered,2105,7,valid,,,
SH10444,Warehouse_LA,Dallas,Amazon Logistics,2023-09-17,Sep 2023,2023-09-23,Sep 2023,23.90,188.32,Delivered,1435,6,valid,,,
SH10659,Warehouse_SF,Portland,UPS,2023-09-17,Sep 2023,2023-09-22,Sep 2023,11.70,241.13,Delivered,1803,5,valid,,,
SH10719,Warehouse_DEN,Chicago,DHL,2023-09-17,Sep 2023,2023-09-23,Sep 2023,21.90,,Delivered,2344,6,valid,,,
SH11127,Warehouse_NYC,Phoenix,FedEx,2023-09-17,Sep 2023,2023-09-23,Sep 2023,24.50,300.24,Delivered,1863,6,valid,,,
SH10620,Warehouse_ATL,Minneapolis,DHL,2023-09-18,Sep 2023,2023-09-27,Sep 2023,51.80,201.57,Delayed,1014,3,valid,,,
SH10002,Warehouse_LA,Houston,DHL,2023-09-18,Sep 2023,2023-09-20,Sep 2023,37.20,74.35,Delivered,220,2,valid,,,
SH10323,Warehouse_ATL,Phoenix,USPS,2023-09-18,Sep 2023,2023-09-23,Sep 2023,31.90,207.32,Delivered,1520,5,valid,,,
SH10460,Warehouse_SF,New York,USPS,2023-09-18,Sep 2023,2023-09-19,Sep 2023,68.90,,Delivered,447,1,valid,,,
SH11517,Warehouse_NYC,San Francisco,USPS,2023-09-18,Sep 2023,2023-09-27,Sep 2023,9.70,284.71,Delivered,2488,9,valid,,,
SH10097,Warehouse_MIA,Atlanta,Amazon Logistics,2023-09-19,Sep 2023,,,80.40,259.98,Delivered,1554,5,invalid,,,
SH10161,Warehouse_HOU,Chicago,LaserShip,2023-09-19,Sep 2023,2023-09-23,Sep 2023,23.80,206.90,Delivered,1566,4,valid,,,
SH10164,Warehouse_CHI,Atlanta,USPS,2023-09-19,Sep 2023,2023-09-21,Sep 2023,14.60,94.67,Delivered,648,2,valid,,,
SH10287,Warehouse_DEN,Minneapolis,DHL,2023-09-19,Sep 2023,2023-09-23,Sep 2023,75.90,251.01,Delivered,939,4,valid,,,
SH10509,Warehouse_BOS,Los Angeles,UPS,2023-09-19,Sep 2023,2023-09-24,Sep 2023,11.20,306.47,Delivered,2213,5,valid,,,
SH11155,Warehouse_LA,Chicago,DHL,2023-09-19,Sep 2023,2023-09-22,Sep 2023,10.20,31.86,Delivered,112,3,valid,,,
SH10185,Warehouse_LA,Minneapolis,LaserShip,2023-09-20,Sep 2023,2023-09-24,Sep 2023,25.60,108.01,Delivered,694,4,valid,,,
SH10862,Warehouse_MIA,Houston,OnTrac,2023-09-20,Sep 2023,2023-09-24,Sep 2023,139.30,235.27,Delivered,547,4,valid,,,
SH10903,Warehouse_MIA,Los Angeles,Amazon Logistics,2023-09-20,Sep 2023,2023-09-25,Sep 2023,11.80,268.59,Delivered,1973,5,valid,,,
SH11343,Warehouse_SEA,Atlanta,FedEx,2023-09-20,Sep 2023,2023-09-26,Sep 2023,11.90,263.50,Delivered,1772,6,valid,,,
SH11815,Warehouse_LA,Denver,Amazon Logistics,2023-09-20,Sep 2023,2023-09-22,Sep 2023,30.50,115.38,Delivered,619,2,valid,,,
SH10388,Warehouse_DEN,Chicago,FedEx,2023-09-21,Sep 2023,2023-09-26,Sep 2023,20.90,268.01,Delivered,1867,5,valid,,,
SH10818,Warehouse_CHI,Seattle,LaserShip,2023-09-21,Sep 2023,2023-09-23,Sep 2023,57.50,82.81,Delivered,105,2,valid,,,
SH11281,Warehouse_NYC,Detroit,OnTrac,2023-09-22,Sep 2023,2023-10-12,Oct 2023,22.50,304.34,Delayed,2161,7,valid,,,
SH10110,Warehouse_CHI,Houston,DHL,2023-09-22,Sep 2023,2023-09-29,Sep 2023,46.10,409.06,Delivered,2306,7,valid,,,
SH10214,Warehouse_HOU,Chicago,DHL,2023-09-22,Sep 2023,2023-09-27,Sep 2023,88.00,297.28,Delivered,1145,5,valid,,,
SH10416,Warehouse_HOU,Chicago,DHL,2023-09-22,Sep 2023,2023-09-26,Sep 2023,9.50,271.59,Delivered,2007,4,valid,,,
SH11020,Warehouse_NYC,Boston,UPS,2023-09-23,Sep 2023,2023-09-28,Sep 2023,14.90,,Delayed,215,1,valid,,,
SH10362,Warehouse_SEA,Los Angeles,FedEx,2023-09-23,Sep 2023,2023-09-29,Sep 2023,17.10,309.74,Delivered,2081,6,valid,,,
SH10543,Warehouse_SEA,Seattle,LaserShip,2023-09-23,Sep 2023,2023-09-28,Sep 2023,27.50,227.05,Delivered,1611,5,valid,,,
SH11482,Warehouse_NYC,Phoenix,OnTrac,2023-09-23,Sep 2023,,,22.70,110.05,Delivered,787,3,invalid,,,
SH11688,Warehouse_SEA,Chicago,FedEx,2023-09-23,Sep 2023,2023-10-01,Oct 2023,14.80,215.86,Delivered,1456,8,valid,,,
SH11694,Warehouse_NYC,Atlanta,USPS,2023-09-23,Sep 2023,2023-09-30,Sep 2023,13.90,107.12,Delivered,870,7,valid,,,
SH10183,Warehouse_HOU,Dallas,Amazon Logistics,2023-09-24,Sep 2023,2023-10-06,Oct 2023,7.10,,Delayed,1376,5,valid,,,
SH10626,Warehouse_MIA,Minneapolis,OnTrac,2023-09-24,Sep 2023,2023-09-30,Sep 2023,16.30,274.15,Delivered,2133,6,valid,,,
SH10839,Warehouse_LA,New York,UPS,2023-09-24,Sep 2023,2023-09-27,Sep 2023,33.50,88.12,Delivered,420,3,valid,,,
SH10170,Warehouse_MIA,Atlanta,USPS,2023-09-25,Sep 2023,2023-09-28,Sep 2023,18.20,103.05,Delivered,679,3,valid,,,
SH10438,Warehouse_ATL,Dallas,USPS,2023-09-25,Sep 2023,2023-09-30,Sep 2023,46.20,329.57,Delivered,2333,5,valid,,,
SH10614,Warehouse_CHI,Denver,UPS,2023-09-25,Sep 2023,2023-09-29,Sep 2023,16.50,143.91,Delivered,1000,4,valid,,,
SH10639,Warehouse_HOU,Portland,USPS,2023-09-25,Sep 2023,2023-09-30,Sep 2023,27.20,158.38,Delivered,1038,5,valid,,,
SH10648,Warehouse_DEN,New York,OnTrac,2023-09-25,Sep 2023,2023-10-01,Oct 2023,37.10,236.03,Delivered,1673,6,valid,,,
SH10815,Warehouse_CHI,Portland,LaserShip,2023-09-25,Sep 2023,2023-09-27,Sep 2023,46.30,140.84,Delivered,675,2,valid,,,
SH11504,Warehouse_NYC,Miami,Amazon Logistics,2023-09-25,Sep 2023,2023-09-26,Sep 2023,21.10,49.13,Delivered,190,1,valid,,,
SH11528,Warehouse_DEN,San Francisco,USPS,2023-09-25,Sep 2023,2023-09-29,Sep 2023,64.80,258.52,Delivered,1466,4,valid,,,
SH11551,Warehouse_MIA,Seattle,DHL,2023-09-25,Sep 2023,,,17.40,305.83,Delivered,1894,6,invalid,,,
SH10120,Warehouse_SEA,Denver,Amazon Logistics,2023-09-26,Sep 2023,2023-10-02,Oct 2023,8.20,278.34,Delivered,2330,6,valid,,,
SH10379,Warehouse_ATL,Los Angeles,OnTrac,2023-09-26,Sep 2023,2023-09-27,Sep 2023,9.50,77.13,Delivered,498,1,valid,,,
SH10617,Warehouse_ATL,Denver,Amazon Logistics,2023-09-26,Sep 2023,2023-10-02,Oct 2023,37.70,286.40,Delivered,2253,6,valid,,,
SH10778,Warehouse_BOS,Portland,OnTrac,2023-09-26,Sep 2023,2023-09-30,Sep 2023,12.80,147.18,Delivered,1012,4,valid,,,
SH11301,Warehouse_MIA,San Francisco,OnTrac,2023-09-26,Sep 2023,2023-09-30,Sep 2023,40.50,147.62,Delivered,894,4,valid,,,
SH11339,Warehouse_ATL,Miami,Amazon Logistics,2023-09-26,Sep 2023,2023-09-30,Sep 2023,37.90,183.19,Delivered,1274,4,valid,,,
SH11379,Warehouse_DEN,New York,UPS,2023-09-26,Sep 2023,2023-09-30,Sep 2023,54.50,215.64,Delivered,1270,4,valid,,,
SH11320,Warehouse_LA,Detroit,Amazon Logistics,2023-09-26,Sep 2023,2023-09-27,Sep 2023,11.80,45.15,In Transit,278,1,valid,,,
SH10032,Warehouse_CHI,New York,FedEx,2023-09-27,Sep 2023,2023-10-01,Oct 2023,11.30,206.19,Delivered,1551,4,valid,,,
SH10055,Warehouse_CHI,Chicago,OnTrac,2023-09-27,Sep 2023,2023-09-30,Sep 2023,24.70,68.63,Delivered,342,3,valid,,,
SH10321,Warehouse_DEN,Houston,LaserShip,2023-09-27,Sep 2023,,,6.90,53.22,Delivered,424,2,invalid,,,
SH10953,Warehouse_NYC,Denver,USPS,2023-09-27,Sep 2023,2023-10-03,Oct 2023,26.60,295.92,Delivered,2346,6,valid,,,
SH11492,Warehouse_BOS,San Francisco,OnTrac,2023-09-27,Sep 2023,2023-09-28,Sep 2023,13.80,50.83,Delivered,274,1,valid,,,
SH11613,Warehouse_CHI,Detroit,Amazon Logistics,2023-09-27,Sep 2023,2023-09-28,Sep 2023,58.90,105.74,Delivered,283,1,valid,,,
SH10371,Warehouse_SF,Los Angeles,FedEx,2023-09-27,Sep 2023,2023-09-29,Sep 2023,16.00,87.01,Returned,484,2,valid,,,
SH10499,Warehouse_SF,Denver,DHL,2023-09-28,Sep 2023,2023-09-30,Sep 2023,10.70,51.05,Delivered,295,2,valid,,,
SH11390,Warehouse_SF,Miami,UPS,2023-09-28,Sep 2023,2023-10-03,Oct 2023,19.70,305.45,Delivered,2455,5,valid,,,
SH11619,Warehouse_MIA,Minneapolis,LaserShip,2023-09-28,Sep 2023,2023-10-01,Oct 2023,14.50,183.23,Delivered,1420,3,valid,,,
SH11744,Warehouse_ATL,Dallas,LaserShip,2023-09-28,Sep 2023,2023-10-02,Oct 2023,54.20,240.90,Delivered,1309,4,valid,,,
SH11827,Warehouse_NYC,Minneapolis,UPS,2023-09-28,Sep 2023,2023-10-03,Oct 2023,19.80,253.63,Delivered,1855,5,valid,,,
SH11985,Warehouse_NYC,New York,DHL,2023-09-28,Sep 2023,2023-10-03,Oct 2023,40.00,308.59,Delivered,2018,5,valid,,,
SH11396,Warehouse_BOS,Denver,Amazon Logistics,2023-09-29,Sep 2023,2023-10-08,Oct 2023,16.30,247.24,Delayed,1920,8,valid,,,
SH10449,Warehouse_CHI,Houston,OnTrac,2023-09-29,Sep 2023,2023-10-04,Oct 2023,6.60,211.32,Delivered,1560,5,valid,,,
SH10650,Warehouse_SF,Miami,Amazon Logistics,2023-09-29,Sep 2023,2023-10-06,Oct 2023,6.90,294.86,Delivered,2487,7,valid,,,
SH11254,Warehouse_HOU,Atlanta,LaserShip,2023-09-29,Sep 2023,2023-10-04,Oct 2023,44.40,152.04,Delivered,800,5,valid,,,
SH10623,Warehouse_LA,Detroit,FedEx,2023-09-30,Sep 2023,2023-10-03,Oct 2023,27.80,172.58,Delivered,920,3,valid,,,
SH11537,Warehouse_SEA,Minneapolis,OnTrac,2023-09-30,Sep 2023,2023-10-02,Oct 2023,17.90,87.69,Delivered,552,2,valid,,,
SH10777,Warehouse_ATL,Boston,UPS,2023-10-01,Oct 2023,2023-10-13,Oct 2023,38.00,108.83,Delayed,527,2,valid,,,
SH11073,Warehouse_NYC,Portland,USPS,2023-10-01,Oct 2023,2023-10-07,Oct 2023,37.40,165.48,Delivered,1209,6,valid,,,
SH11244,Warehouse_SF,Minneapolis,DHL,2023-10-01,Oct 2023,2023-10-03,Oct 2023,13.80,60.56,Delivered,261,2,valid,,,
SH11961,Warehouse_SEA,Chicago,UPS,2023-10-01,Oct 2023,2023-10-05,Oct 2023,25.70,208.58,Delivered,1515,4,valid,,,
SH10793,Warehouse_ATL,Boston,LaserShip,2023-10-02,Oct 2023,2023-10-17,Oct 2023,46.90,180.87,Delayed,993,3,valid,,,
SH10000,Warehouse_MIA,San Francisco,UPS,2023-10-02,Oct 2023,2023-10-04,Oct 2023,25.70,67.46,Delivered,291,2,valid,,,
SH10678,Warehouse_SEA,Denver,FedEx,2023-10-02,Oct 2023,2023-10-08,Oct 2023,14.00,295.69,Delivered,2105,6,valid,,,
SH10410,Warehouse_SF,Phoenix,LaserShip,2023-10-03,Oct 2023,2023-10-07,Oct 2023,15.60,95.50,Delivered,627,4,valid,,,
SH10643,Warehouse_SEA,Phoenix,OnTrac,2023-10-03,Oct 2023,2023-10-05,Oct 2023,10.20,79.74,Delivered,553,2,valid,,,
SH10864,Warehouse_HOU,Boston,FedEx,2023-10-03,Oct 2023,2023-10-09,Oct 2023,61.40,405.09,Delivered,2282,6,valid,,,
SH11526,Warehouse_NYC,Denver,Amazon Logistics,2023-10-03,Oct 2023,2023-10-06,Oct 2023,11.30,154.45,Delivered,1311,3,valid,,,
SH11573,Warehouse_CHI,Denver,DHL,2023-10-03,Oct 2023,2023-10-07,Oct 2023,18.30,172.23,Delivered,1000,4,valid,,,
SH11869,Warehouse_CHI,Los Angeles,OnTrac,2023-10-03,Oct 2023,2023-10-05,Oct 2023,32.20,96.92,Delivered,447,2,valid,,,
SH11639,Warehouse_BOS,Boston,USPS,2023-10-03,Oct 2023,2023-10-07,Oct 2023,28.90,227.91,Lost,1675,4,valid,,,
SH11169,Warehouse_ATL,Boston,Amazon Logistics,2023-10-04,Oct 2023,2023-10-17,Oct 2023,15.90,216.07,Delayed,1814,6,valid,,,
SH10040,Warehouse_BOS,Denver,Amazon Logistics,2023-10-04,Oct 2023,2023-10-10,Oct 2023,13.40,209.01,Delivered,1550,6,valid,,,
SH10531,Warehouse_HOU,Boston,Amazon Logistics,2023-10-04,Oct 2023,2023-10-07,Oct 2023,37.90,186.54,Delivered,1126,3,valid,,,
SH10629,Warehouse_CHI,Denver,FedEx,2023-10-04,Oct 2023,2023-10-06,Oct 2023,11.90,149.70,Delivered,1000,2,valid,,,
SH10654,Warehouse_BOS,Minneapolis,OnTrac,2023-10-04,Oct 2023,2023-10-08,Oct 2023,15.70,191.45,Delivered,1457,4,valid,,,
SH10723,Warehouse_CHI,Boston,UPS,2023-10-04,Oct 2023,2023-10-07,Oct 2023,16.20,157.60,Delivered,1217,3,valid,,,
SH10879,Warehouse_ATL,Los Angeles,OnTrac,2023-10-04,Oct 2023,2023-10-09,Oct 2023,125.80,154.81,Delivered,144,5,valid,,,
SH10984,Warehouse_HOU,Miami,DHL,2023-10-04,Oct 2023,2023-10-08,Oct 2023,20.00,276.56,Delivered,1631,4,valid,,,
SH11039,Warehouse_SF,Atlanta,UPS,2023-10-04,Oct 2023,2023-10-08,Oct 2023,9.40,208.22,Delivered,1675,4,valid,,,
SH11050,Warehouse_DEN,Dallas,OnTrac,2023-10-04,Oct 2023,2023-10-10,Oct 2023,85.30,406.22,Delivered,2470,6,valid,,,
SH11364,Warehouse_SF,Atlanta,DHL,2023-10-04,Oct 2023,2023-10-08,Oct 2023,35.30,316.54,Delivered,1866,4,valid,,,
SH11457,Warehouse_NYC,Detroit,OnTrac,2023-10-04,Oct 2023,2023-10-06,Oct 2023,10.00,85.04,Delivered,585,2,valid,,,
SH11566,Warehouse_HOU,Los Angeles,USPS,2023-10-04,Oct 2023,2023-10-09,Oct 2023,17.70,168.61,Delivered,1439,5,valid,,,
SH11992,Warehouse_ATL,Portland,OnTrac,2023-10-04,Oct 2023,2023-10-05,Oct 2023,43.20,73.03,Delivered,177,1,valid,,,
SH11587,Warehouse_MIA,Denver,Amazon Logistics,2023-10-04,Oct 2023,2023-10-06,Oct 2023,18.30,119.10,Lost,860,2,valid,,,
SH10127,Warehouse_LA,Miami,UPS,2023-10-05,Oct 2023,2023-10-13,Oct 2023,30.10,156.74,Delivered,1075,8,valid,,,
SH10661,Warehouse_ATL,Chicago,Amazon Logistics,2023-10-05,Oct 2023,2023-10-08,Oct 2023,57.70,243.19,Delivered,1274,3,valid,,,
SH11038,Warehouse_ATL,Seattle,LaserShip,2023-10-05,Oct 2023,2023-10-11,Oct 2023,41.90,129.64,Delivered,670,6,valid,,,
SH11757,Warehouse_ATL,Denver,FedEx,2023-10-05,Oct 2023,2023-10-10,Oct 2023,59.30,388.44,Delivered,2161,5,valid,,,
SH11914,Warehouse_HOU,Houston,Amazon Logistics,2023-10-06,Oct 2023,2023-10-10,Oct 2023,82.40,279.42,Delivered,1705,4,valid,,,
SH10754,Warehouse_DEN,Minneapolis,FedEx,2023-10-07,Oct 2023,2023-10-10,Oct 2023,26.50,155.20,Delivered,810,3,valid,,,
SH10945,Warehouse_HOU,Portland,LaserShip,2023-10-07,Oct 2023,2023-10-10,Oct 2023,7.10,164.49,Delivered,1336,3,valid,,,
SH11969,Warehouse_LA,Dallas,Amazon Logistics,2023-10-07,Oct 2023,2023-10-10,Oct 2023,8.30,174.80,Delivered,1435,3,valid,,,
SH11689,Warehouse_LA,Chicago,FedEx,2023-10-08,Oct 2023,2023-10-18,Oct 2023,10.70,170.69,Delayed,1114,3,valid,,,
SH11421,Warehouse_SEA,Minneapolis,LaserShip,2023-10-08,Oct 2023,2023-10-09,Oct 2023,30.60,62.81,Delivered,206,1,valid,,,
SH11478,Warehouse_NYC,Detroit,FedEx,2023-10-08,Oct 2023,2023-10-13,Oct 2023,34.00,228.26,Delivered,1463,5,valid,,,
SH10852,Warehouse_HOU,Denver,FedEx,2023-10-09,Oct 2023,2023-10-12,Oct 2023,13.70,151.52,Delivered,1030,3,valid,,,
SH11080,Warehouse_HOU,Dallas,UPS,2023-10-09,Oct 2023,2023-10-14,Oct 2023,7.60,108.90,Delivered,772,5,valid,,,
SH10912,Warehouse_SF,Portland,Amazon Logistics,2023-10-09,Oct 2023,2023-10-13,Oct 2023,16.50,169.60,Lost,1221,4,valid,,,
SH10339,Warehouse_SF,Detroit,USPS,2023-10-10,Oct 2023,2023-10-15,Oct 2023,52.20,253.33,Delayed,1608,4,valid,,,
SH11359,Warehouse_LA,Detroit,UPS,2023-10-10,Oct 2023,2023-10-21,Oct 2023,47.80,169.45,Delayed,845,5,valid,,,
SH11701,Warehouse_HOU,Minneapolis,Amazon Logistics,2023-10-10,Oct 2023,2023-10-29,Oct 2023,43.70,350.82,Delayed,2299,6,valid,,,
SH10060,Warehouse_HOU,Denver,OnTrac,2023-10-10,Oct 2023,2023-10-13,Oct 2023,59.80,196.89,Delivered,1030,3,valid,,,
SH11004,Warehouse_ATL,Atlanta,OnTrac,2023-10-10,Oct 2023,2023-10-15,Oct 2023,0.30,281.60,Delivered,2137,5,valid,,,
SH11507,Warehouse_SEA,Miami,FedEx,2023-10-10,Oct 2023,2023-10-17,Oct 2023,15.50,303.18,Delivered,2200,7,valid,,,
SH10058,Warehouse_SF,Los Angeles,USPS,2023-10-11,Oct 2023,2023-10-13,Oct 2023,8.90,78.37,Delivered,600,2,valid,,,
SH10241,Warehouse_SEA,Denver,DHL,2023-10-11,Oct 2023,2023-10-15,Oct 2023,17.60,167.63,Delivered,1038,4,valid,,,
SH10582,Warehouse_CHI,Minneapolis,LaserShip,2023-10-11,Oct 2023,2023-10-16,Oct 2023,108.60,221.52,Delivered,1869,5,valid,,,
SH11154,Warehouse_SEA,Chicago,Amazon Logistics,2023-10-11,Oct 2023,2023-10-17,Oct 2023,18.50,225.53,Delivered,1585,6,valid,,,
SH11282,Warehouse_ATL,Miami,USPS,2023-10-11,Oct 2023,,,3.30,80.00,Delivered,677,4,invalid,,,
SH11926,Warehouse_HOU,Phoenix,Amazon Logistics,2023-10-11,Oct 2023,2023-10-14,Oct 2023,11.70,94.37,Delivered,744,3,valid,,,
SH11986,Warehouse_MIA,Detroit,OnTrac,2023-10-12,Oct 2023,2023-10-17,Oct 2023,4.80,31.95,Delayed,236,3,valid,,,
SH10728,Warehouse_BOS,Phoenix,DHL,2023-10-12,Oct 2023,2023-10-15,Oct 2023,24.10,204.04,Delivered,1168,3,valid,,,
SH10780,Warehouse_ATL,Chicago,Amazon Logistics,2023-10-12,Oct 2023,2023-10-21,Oct 2023,44.10,319.84,Delivered,2372,9,valid,,,
SH11222,Warehouse_DEN,Atlanta,UPS,2023-10-12,Oct 2023,,,5.50,49.39,Delivered,338,3,invalid,,,
SH10064,Warehouse_CHI,Los Angeles,UPS,2023-10-13,Oct 2023,2023-10-16,Oct 2023,67.60,232.32,Delivered,1007,3,valid,,,
SH10729,Warehouse_MIA,Denver,OnTrac,2023-10-13,Oct 2023,2023-10-14,Oct 2023,28.80,54.72,Delivered,147,1,valid,,,
SH10748,Warehouse_SF,Phoenix,UPS,2023-10-13,Oct 2023,2023-10-15,Oct 2023,7.20,59.98,Delivered,367,2,valid,,,
SH11201,Warehouse_MIA,Denver,UPS,2023-10-13,Oct 2023,2023-10-16,Oct 2023,17.50,90.05,Delivered,591,3,valid,,,
SH11257,Warehouse_HOU,Minneapolis,USPS,2023-10-13,Oct 2023,,,6.40,191.61,Delivered,1770,6,invalid,,,
SH11814,Warehouse_DEN,San Francisco,LaserShip,2023-10-13,Oct 2023,2023-10-17,Oct 2023,17.00,245.26,Delivered,1731,4,valid,,,
SH10343,Warehouse_LA,Chicago,USPS,2023-10-14,Oct 2023,2023-10-19,Oct 2023,26.10,232.56,Delivered,1772,5,valid,,,
SH10544,Warehouse_ATL,Phoenix,LaserShip,2023-10-14,Oct 2023,2023-10-19,Oct 2023,22.80,184.90,Delivered,1288,5,valid,,,
SH11066,Warehouse_CHI,Portland,Amazon Logistics,2023-10-14,Oct 2023,2023-10-17,Oct 2023,8.00,33.03,Delivered,207,3,valid,,,
SH11162,Warehouse_MIA,Chicago,DHL,2023-10-14,Oct 2023,2023-10-15,Oct 2023,18.30,87.07,Delivered,453,1,valid,,,
SH11419,Warehouse_NYC,Miami,DHL,2023-10-14,Oct 2023,2023-10-20,Oct 2023,23.40,356.56,Delivered,2343,6,valid,,,
SH11894,Warehouse_HOU,Miami,DHL,2023-10-14,Oct 2023,2023-10-20,Oct 2023,21.60,334.73,Delivered,2053,6,valid,,,
SH10913,Warehouse_BOS,Los Angeles,UPS,2023-10-15,Oct 2023,2023-10-29,Oct 2023,24.60,150.37,Delayed,852,4,valid,,,
SH10141,Warehouse_BOS,Chicago,USPS,2023-10-15,Oct 2023,2023-10-20,Oct 2023,18.40,237.17,Delivered,1939,5,valid,,,
SH10851,Warehouse_CHI,Atlanta,UPS,2023-10-15,Oct 2023,2023-10-19,Oct 2023,21.50,163.13,Delivered,976,4,valid,,,
SH10891,Warehouse_NYC,Atlanta,LaserShip,2023-10-15,Oct 2023,2023-10-19,Oct 2023,75.70,211.30,Delivered,870,4,valid,,,
SH11075,Warehouse_LA,Boston,Amazon Logistics,2023-10-15,Oct 2023,2023-10-21,Oct 2023,6.00,162.40,Delivered,1231,6,valid,,,
SH11407,Warehouse_CHI,Los Angeles,Amazon Logistics,2023-10-15,Oct 2023,2023-10-19,Oct 2023,22.00,86.67,Delivered,544,4,valid,,,
SH11768,Warehouse_HOU,New York,DHL,2023-10-15,Oct 2023,2023-10-18,Oct 2023,18.10,148.79,Delivered,914,3,valid,,,
SH11834,Warehouse_BOS,Detroit,USPS,2023-10-15,Oct 2023,2023-10-18,Oct 2023,4.80,173.28,Delivered,1478,3,valid,,,
SH10018,Warehouse_ATL,Atlanta,OnTrac,2023-10-16,Oct 2023,2023-10-25,Oct 2023,6.30,124.52,Delivered,1055,9,valid,,,
SH10320,Warehouse_BOS,Minneapolis,OnTrac,2023-10-16,Oct 2023,2023-10-21,Oct 2023,52.10,282.08,Delivered,1861,5,valid,,,
SH10471,Warehouse_MIA,Los Angeles,LaserShip,2023-10-16,Oct 2023,2023-10-22,Oct 2023,10.50,133.36,Delivered,1072,6,valid,,,
SH11307,Warehouse_BOS,Chicago,FedEx,2023-10-16,Oct 2023,2023-10-20,Oct 2023,42.30,221.50,Delivered,1178,4,valid,,,
SH11586,Warehouse_BOS,Atlanta,USPS,2023-10-16,Oct 2023,2023-10-17,Oct 2023,58.50,83.51,Delivered,122,1,valid,,,
SH11590,Warehouse_SEA,Atlanta,Amazon Logistics,2023-10-16,Oct 2023,2023-10-19,Oct 2023,15.20,160.36,Delivered,1098,3,valid,,,
SH11600,Warehouse_LA,Minneapolis,LaserShip,2023-10-16,Oct 2023,2023-10-22,Oct 2023,32.30,304.81,Delivered,2156,6,valid,,,
SH10196,Warehouse_SF,New York,OnTrac,2023-10-16,Oct 2023,2023-10-22,Oct 2023,19.00,321.04,Lost,2278,6,valid,,,
SH10663,Warehouse_CHI,Seattle,DHL,2023-10-17,Oct 2023,2023-11-03,Nov 2023,38.00,416.88,Delayed,2447,6,valid,,,
SH10163,Warehouse_CHI,Miami,Amazon Logistics,2023-10-17,Oct 2023,2023-10-21,Oct 2023,19.70,196.56,Delivered,1350,4,valid,,,
SH10947,Warehouse_ATL,Atlanta,UPS,2023-10-17,Oct 2023,2023-10-23,Oct 2023,53.80,334.19,Delivered,2107,6,valid,,,
SH11085,Warehouse_SF,Atlanta,FedEx,2023-10-17,Oct 2023,2023-10-21,Oct 2023,22.90,178.45,Delivered,1185,4,valid,,,
SH11998,Warehouse_SEA,Detroit,USPS,2023-10-17,Oct 2023,2023-10-22,Oct 2023,10.90,272.31,Delivered,2188,5,valid,,,
SH11425,Warehouse_ATL,Denver,FedEx,2023-10-17,Oct 2023,2023-10-19,Oct 2023,11.00,68.25,Returned,403,2,valid,,,
SH10610,Warehouse_HOU,San Francisco,LaserShip,2023-10-18,Oct 2023,2023-11-03,Nov 2023,24.20,284.17,Delayed,2188,5,valid,,,
SH10128,Warehouse_BOS,Miami,LaserShip,2023-10-18,Oct 2023,2023-10-27,Oct 2023,3.20,159.82,Delivered,1260,9,valid,,,
SH10576,Warehouse_CHI,Phoenix,OnTrac,2023-10-18,Oct 2023,2023-10-24,Oct 2023,27.80,294.98,Delivered,2409,6,valid,,,
SH11338,Warehouse_HOU,San Francisco,FedEx,2023-10-18,Oct 2023,2023-10-24,Oct 2023,73.00,347.07,Delivered,1762,6,valid,,,
SH11398,Warehouse_HOU,Detroit,OnTrac,2023-10-18,Oct 2023,2023-10-22,Oct 2023,16.30,248.97,Delivered,2057,4,valid,,,
SH11172,Warehouse_LA,Seattle,OnTrac,2023-10-19,Oct 2023,2023-11-02,Nov 2023,17.30,156.70,Delayed,1135,5,valid,,,
SH10006,Warehouse_BOS,Houston,UPS,2023-10-19,Oct 2023,2023-10-23,Oct 2023,0.40,225.23,Delivered,1522,4,valid,,,
SH10279,Warehouse_SF,Minneapolis,USPS,2023-10-19,Oct 2023,2023-10-20,Oct 2023,37.70,77.30,Delivered,293,1,valid,,,
SH10681,Warehouse_BOS,Phoenix,OnTrac,2023-10-19,Oct 2023,2023-10-22,Oct 2023,13.60,141.30,Delivered,1123,3,valid,,,
SH10824,Warehouse_ATL,Minneapolis,USPS,2023-10-19,Oct 2023,2023-10-22,Oct 2023,5.80,120.42,Delivered,1093,3,valid,,,
SH11497,Warehouse_HOU,Minneapolis,DHL,2023-10-19,Oct 2023,2023-10-20,Oct 2023,10.80,,Delivered,185,1,valid,,,
SH10671,Warehouse_MIA,Minneapolis,DHL,2023-10-20,Oct 2023,2023-11-03,Nov 2023,22.80,362.33,Delayed,2452,5,valid,,,
SH11753,Warehouse_SF,Denver,USPS,2023-10-20,Oct 2023,2023-11-06,Nov 2023,12.40,256.57,Delayed,2179,6,valid,,,
SH10344,Warehouse_LA,Chicago,USPS,2023-10-20,Oct 2023,2023-10-24,Oct 2023,26.20,210.07,Delivered,1707,4,valid,,,
SH10434,Warehouse_HOU,Phoenix,DHL,2023-10-20,Oct 2023,2023-10-23,Oct 2023,14.20,161.26,Delivered,978,3,valid,,,
SH10505,Warehouse_MIA,Houston,FedEx,2023-10-20,Oct 2023,2023-10-22,Oct 2023,51.60,103.41,Delivered,239,2,valid,,,
SH10911,Warehouse_BOS,New York,LaserShip,2023-10-20,Oct 2023,2023-10-22,Oct 2023,31.60,74.81,Delivered,308,2,valid,,,
SH10961,Warehouse_ATL,Miami,UPS,2023-10-20,Oct 2023,2023-10-22,Oct 2023,16.10,102.41,Delivered,625,2,valid,,,
SH11367,Warehouse_DEN,New York,FedEx,2023-10-20,Oct 2023,2023-10-24,Oct 2023,12.00,210.09,Delivered,1580,4,valid,,,
SH11441,Warehouse_CHI,San Francisco,Amazon Logistics,2023-10-20,Oct 2023,2023-10-25,Oct 2023,67.20,183.10,Delivered,794,5,valid,,,
SH11761,Warehouse_DEN,Minneapolis,OnTrac,2023-10-20,Oct 2023,2023-10-24,Oct 2023,23.50,194.11,Delivered,1324,4,valid,,,
SH11960,Warehouse_MIA,Boston,FedEx,2023-10-20,Oct 2023,2023-10-25,Oct 2023,12.90,245.79,Delivered,1734,5,valid,,,
SH11652,Warehouse_ATL,Dallas,LaserShip,2023-10-20,Oct 2023,2023-10-25,Oct 2023,27.90,261.50,In Transit,1773,5,valid,,,
SH11585,Warehouse_HOU,Chicago,DHL,2023-10-21,Oct 2023,2023-11-03,Nov 2023,31.00,346.62,Delayed,2201,8,valid,,,
SH10593,Warehouse_SF,Phoenix,FedEx,2023-10-21,Oct 2023,2023-10-26,Oct 2023,15.30,343.33,Delivered,2483,5,valid,,,
SH10973,Warehouse_MIA,Portland,FedEx,2023-10-21,Oct 2023,2023-10-25,Oct 2023,32.30,233.32,Delivered,1492,4,valid,,,
SH11258,Warehouse_CHI,Dallas,Amazon Logistics,2023-10-21,Oct 2023,2023-10-26,Oct 2023,14.50,202.38,Delivered,1704,5,valid,,,
SH11776,Warehouse_DEN,Detroit,OnTrac,2023-10-21,Oct 2023,2023-10-26,Oct 2023,6.30,282.62,Delivered,2188,5,valid,,,
SH10280,Warehouse_SEA,Dallas,OnTrac,2023-10-22,Oct 2023,2023-10-26,Oct 2023,20.10,209.94,Delivered,1401,4,valid,,,
SH11772,Warehouse_ATL,Miami,DHL,2023-10-22,Oct 2023,2023-10-30,Oct 2023,33.70,402.35,Delivered,2414,8,valid,,,
SH10324,Warehouse_BOS,Miami,FedEx,2023-10-23,Oct 2023,2023-10-27,Oct 2023,45.90,89.19,Delivered,247,4,valid,,,
SH10883,Warehouse_DEN,Chicago,Amazon Logistics,2023-10-23,Oct 2023,2023-10-30,Oct 2023,8.70,296.81,Delivered,2333,7,valid,,,
SH10905,Warehouse_HOU,Miami,OnTrac,2023-10-23,Oct 2023,2023-10-26,Oct 2023,59.40,192.19,Delivered,1118,3,valid,,,
SH11366,Warehouse_MIA,San Francisco,LaserShip,2023-10-23,Oct 2023,2023-10-25,Oct 2023,28.00,146.54,Delivered,956,2,valid,,,
SH11509,Warehouse_HOU,Boston,UPS,2023-10-23,Oct 2023,2023-10-24,Oct 2023,40.90,86.69,Delivered,295,1,valid,,,
SH10928,Warehouse_MIA,Phoenix,Amazon Logistics,2023-10-24,Oct 2023,2023-10-28,Oct 2023,13.60,187.79,Delivered,1584,4,valid,,,
SH11088,Warehouse_BOS,New York,DHL,2023-10-24,Oct 2023,2023-10-26,Oct 2023,3.50,105.56,Delivered,799,2,valid,,,
SH11129,Warehouse_SEA,Phoenix,USPS,2023-10-24,Oct 2023,2023-10-28,Oct 2023,21.50,200.39,Delivered,1391,4,valid,,,
SH11597,Warehouse_DEN,Atlanta,OnTrac,2023-10-24,Oct 2023,2023-10-26,Oct 2023,20.00,113.54,Delivered,737,2,valid,,,
SH11736,Warehouse_SF,Phoenix,LaserShip,2023-10-24,Oct 2023,2023-11-01,Nov 2023,32.00,301.33,Delivered,2356,8,valid,,,
SH11942,Warehouse_ATL,Portland,USPS,2023-10-24,Oct 2023,2023-10-31,Oct 2023,17.00,283.07,Delivered,2191,7,valid,,,
SH10210,Warehouse_BOS,Detroit,DHL,2023-10-25,Oct 2023,2023-10-27,Oct 2023,33.70,162.31,Delivered,796,2,valid,,,
SH10463,Warehouse_HOU,Dallas,LaserShip,2023-10-25,Oct 2023,2023-10-27,Oct 2023,38.90,114.76,Delivered,603,2,valid,,,
SH10858,Warehouse_SF,Phoenix,FedEx,2023-10-25,Oct 2023,2023-10-29,Oct 2023,11.60,147.12,Delivered,905,4,valid,,,
SH11099,Warehouse_DEN,Atlanta,OnTrac,2023-10-25,Oct 2023,2023-10-31,Oct 2023,12.60,158.56,Delivered,1256,6,valid,,,
SH11875,Warehouse_CHI,Denver,UPS,2023-10-25,Oct 2023,2023-10-30,Oct 2023,5.90,145.47,Delivered,1000,5,valid,,,
SH11790,Warehouse_SF,Denver,UPS,2023-10-26,Oct 2023,2023-11-05,Nov 2023,34.00,316.69,Delayed,2072,6,valid,,,
SH10023,Warehouse_SEA,Los Angeles,DHL,2023-10-26,Oct 2023,2023-10-29,Oct 2023,22.20,228.57,Delivered,1402,3,valid,,,
SH10613,Warehouse_DEN,New York,Amazon Logistics,2023-10-26,Oct 2023,2023-10-30,Oct 2023,39.00,61.95,Delivered,109,4,valid,,,
SH10688,Warehouse_SF,Portland,OnTrac,2023-10-26,Oct 2023,2023-10-30,Oct 2023,50.10,282.69,Delivered,1646,4,valid,,,
SH10884,Warehouse_SEA,Dallas,FedEx,2023-10-26,Oct 2023,2023-10-27,Oct 2023,27.50,68.71,Delivered,303,1,valid,,,
SH11000,Warehouse_DEN,Chicago,FedEx,2023-10-26,Oct 2023,2023-10-29,Oct 2023,3.40,77.16,Delivered,500,3,valid,,,
SH11228,Warehouse_DEN,Los Angeles,Amazon Logistics,2023-10-26,Oct 2023,2023-10-30,Oct 2023,18.40,115.48,Delivered,723,4,valid,,,
SH10057,Warehouse_HOU,Los Angeles,LaserShip,2023-10-26,Oct 2023,2023-10-29,Oct 2023,6.80,42.06,Lost,255,3,valid,,,
SH10328,Warehouse_ATL,Chicago,DHL,2023-10-27,Oct 2023,2023-11-01,Nov 2023,41.80,174.68,Delivered,773,5,valid,,,
SH10676,Warehouse_MIA,Los Angeles,DHL,2023-10-27,Oct 2023,2023-11-01,Nov 2023,43.70,401.12,Delivered,2460,5,valid,,,
SH10736,Warehouse_DEN,Los Angeles,LaserShip,2023-10-27,Oct 2023,2023-11-02,Nov 2023,474.20,341.15,Delivered,2200,6,valid,,,
SH10742,Warehouse_HOU,Denver,FedEx,2023-10-27,Oct 2023,2023-10-31,Oct 2023,27.10,165.65,Delivered,1030,4,valid,,,
SH10802,Warehouse_DEN,Dallas,USPS,2023-10-27,Oct 2023,2023-10-29,Oct 2023,4.60,44.35,Delivered,345,2,valid,,,
SH11005,Warehouse_SEA,Atlanta,DHL,2023-10-27,Oct 2023,2023-10-30,Oct 2023,27.60,157.00,Delivered,850,3,valid,,,
SH11310,Warehouse_SF,Chicago,DHL,2023-10-27,Oct 2023,2023-10-31,Oct 2023,11.10,100.08,Delivered,640,4,valid,,,
SH11793,Warehouse_DEN,Detroit,UPS,2023-10-27,Oct 2023,2023-10-30,Oct 2023,7.90,111.49,Delivered,865,3,valid,,,
SH11996,Warehouse_HOU,Phoenix,UPS,2023-10-27,Oct 2023,2023-11-01,Nov 2023,36.50,279.47,Delivered,1708,5,valid,,,
SH11804,Warehouse_HOU,Miami,FedEx,2023-10-28,Oct 2023,2023-11-13,Nov 2023,14.70,224.05,Delayed,1715,5,valid,,,
SH10314,Warehouse_CHI,Portland,DHL,2023-10-28,Oct 2023,2023-11-01,Nov 2023,37.90,100.86,Delivered,305,4,valid,,,
SH10347,Warehouse_NYC,Detroit,USPS,2023-10-28,Oct 2023,2023-11-02,Nov 2023,42.40,192.86,Delivered,1319,5,valid,,,
SH10401,Warehouse_ATL,Portland,LaserShip,2023-10-28,Oct 2023,2023-11-01,Nov 2023,6.90,194.18,Delivered,1649,4,valid,,,
SH10916,Warehouse_NYC,Minneapolis,FedEx,2023-10-28,Oct 2023,2023-10-29,Oct 2023,8.10,81.18,Delivered,481,1,valid,,,
SH11089,Warehouse_LA,Detroit,LaserShip,2023-10-28,Oct 2023,2023-10-31,Oct 2023,70.40,166.43,Delivered,795,3,valid,,,
SH11866,Warehouse_LA,Denver,Amazon Logistics,2023-10-28,Oct 2023,2023-11-05,Nov 2023,18.10,242.86,Delivered,1746,8,valid,,,
SH11255,Warehouse_NYC,New York,UPS,2023-10-29,Oct 2023,2023-11-01,Nov 2023,15.50,159.84,Delivered,1090,3,valid,,,
SH11547,Warehouse_BOS,Denver,OnTrac,2023-10-29,Oct 2023,2023-11-06,Nov 2023,17.50,240.07,Delivered,1720,8,valid,,,
SH11984,Warehouse_LA,Denver,UPS,2023-10-29,Oct 2023,2023-10-30,Oct 2023,33.00,58.45,Delivered,111,1,valid,,,
SH10711,Warehouse_NYC,Los Angeles,LaserShip,2023-10-30,Oct 2023,2023-11-03,Nov 2023,139.40,415.94,Delivered,1881,4,valid,,,
SH11010,Warehouse_MIA,New York,DHL,2023-10-30,Oct 2023,2023-11-04,Nov 2023,17.00,252.92,Delivered,1685,5,valid,,,
SH11667,Warehouse_CHI,Phoenix,LaserShip,2023-10-30,Oct 2023,2023-11-04,Nov 2023,26.50,254.13,Delivered,1815,5,valid,,,
SH11727,Warehouse_ATL,Boston,USPS,2023-10-30,Oct 2023,,,25.20,295.59,Delivered,2279,7,invalid,,,
SH10739,Warehouse_HOU,Boston,USPS,2023-10-31,Oct 2023,2023-11-02,Nov 2023,14.50,86.35,Delivered,585,2,valid,,,
SH11531,Warehouse_HOU,Portland,USPS,2023-10-31,Oct 2023,2023-11-03,Nov 2023,9.20,22.10,Delivered,123,3,valid,,,
SH11640,Warehouse_LA,Boston,USPS,2023-10-31,Oct 2023,2023-11-07,Nov 2023,32.40,226.41,Delivered,1636,7,valid,,,
SH10059,Warehouse_BOS,San Francisco,OnTrac,2023-11-01,Nov 2023,2023-11-06,Nov 2023,28.50,128.94,Delivered,622,5,valid,,,
SH10441,Warehouse_SF,Seattle,UPS,2023-11-01,Nov 2023,2023-11-05,Nov 2023,26.00,183.17,Delivered,1019,4,valid,,,
SH10943,Warehouse_CHI,Chicago,Amazon Logistics,2023-11-01,Nov 2023,2023-11-08,Nov 2023,8.90,390.80,Delivered,2441,7,valid,,,
SH11920,Warehouse_LA,Portland,FedEx,2023-11-01,Nov 2023,2023-11-04,Nov 2023,31.20,228.61,Lost,1128,3,valid,,,
SH10153,Warehouse_MIA,Chicago,LaserShip,2023-11-02,Nov 2023,2023-11-17,Nov 2023,45.00,118.74,Delayed,382,5,valid,,,
SH11216,Warehouse_MIA,Dallas,Amazon Logistics,2023-11-02,Nov 2023,2023-11-11,Nov 2023,26.10,286.32,Delayed,1611,4,valid,,,
SH10775,Warehouse_MIA,Miami,LaserShip,2023-11-02,Nov 2023,2023-11-07,Nov 2023,23.20,51.90,Delivered,147,5,valid,,,
SH10812,Warehouse_MIA,Portland,LaserShip,2023-11-02,Nov 2023,2023-11-04,Nov 2023,18.40,151.67,Delivered,862,2,valid,,,
SH11782,Warehouse_SF,Denver,UPS,2023-11-02,Nov 2023,2023-11-03,Nov 2023,14.70,81.27,Delivered,395,1,valid,,,
SH11837,Warehouse_SF,Los Angeles,LaserShip,2023-11-02,Nov 2023,2023-11-07,Nov 2023,15.20,322.73,Delivered,2106,5,valid,,,
SH10207,Warehouse_MIA,Detroit,DHL,2023-11-03,Nov 2023,2023-11-07,Nov 2023,14.70,285.59,Delivered,1423,4,valid,,,
SH10249,Warehouse_DEN,Chicago,USPS,2023-11-03,Nov 2023,2023-11-08,Nov 2023,13.60,316.04,Delivered,2073,5,valid,,,
SH10456,Warehouse_CHI,Houston,USPS,2023-11-03,Nov 2023,2023-11-08,Nov 2023,10.90,281.08,Delivered,1954,5,valid,,,
SH10861,Warehouse_SF,Atlanta,UPS,2023-11-03,Nov 2023,2023-11-05,Nov 2023,14.90,50.00,Delivered,161,2,valid,,,
SH10894,Warehouse_LA,Houston,USPS,2023-11-03,Nov 2023,2023-11-06,Nov 2023,21.00,186.14,Delivered,1090,3,valid,,,
SH11278,Warehouse_LA,Dallas,LaserShip,2023-11-03,Nov 2023,2023-11-08,Nov 2023,35.70,268.47,Delivered,1435,5,valid,,,
SH11752,Warehouse_DEN,Phoenix,Amazon Logistics,2023-11-03,Nov 2023,2023-11-06,Nov 2023,40.30,158.18,Delivered,645,3,valid,,,
SH11535,Warehouse_MIA,Denver,FedEx,2023-11-03,Nov 2023,2023-11-04,Nov 2023,6.00,50.96,In Transit,283,1,valid,,,
SH11289,Warehouse_SF,Chicago,LaserShip,2023-11-03,Nov 2023,2023-11-04,Nov 2023,10.30,40.65,Lost,188,1,valid,,,
SH10030,Warehouse_SF,San Francisco,LaserShip,2023-11-04,Nov 2023,,,28.50,109.33,Delivered,502,2,invalid,,,
SH10083,Warehouse_SF,Phoenix,LaserShip,2023-11-04,Nov 2023,2023-11-12,Nov 2023,9.30,333.26,Delivered,2210,8,valid,,,
SH10136,Warehouse_CHI,Miami,FedEx,2023-11-04,Nov 2023,2023-11-10,Nov 2023,15.90,257.13,Delivered,1350,6,valid,,,
SH10762,Warehouse_HOU,Los Angeles,UPS,2023-11-04,Nov 2023,2023-11-10,Nov 2023,10.30,332.84,Delivered,2174,6,valid,,,
SH11312,Warehouse_DEN,Phoenix,Amazon Logistics,2023-11-04,Nov 2023,2023-11-08,Nov 2023,25.60,270.11,Delivered,1671,4,valid,,,
SH11717,Warehouse_MIA,Atlanta,USPS,2023-11-04,Nov 2023,2023-11-09,Nov 2023,12.20,37.96,Delivered,152,5,valid,,,
SH11838,Warehouse_SF,Houston,UPS,2023-11-04,Nov 2023,2023-11-06,Nov 2023,19.50,123.49,Delivered,629,2,valid,,,
SH10038,Warehouse_SF,Detroit,LaserShip,2023-11-04,Nov 2023,2023-11-10,Nov 2023,30.70,282.71,Returned,1674,6,valid,,,
SH11733,Warehouse_HOU,Phoenix,Amazon Logistics,2023-11-05,Nov 2023,2023-11-16,Nov 2023,22.50,320.20,Delivered,1865,11,valid,,,
SH11872,Warehouse_LA,New York,LaserShip,2023-11-05,Nov 2023,2023-11-11,Nov 2023,17.30,309.39,Delivered,1780,6,valid,,,
SH11221,Warehouse_MIA,Los Angeles,LaserShip,2023-11-05,Nov 2023,2023-11-07,Nov 2023,29.50,109.58,In Transit,409,2,valid,,,
SH11141,Warehouse_LA,San Francisco,UPS,2023-11-06,Nov 2023,2023-11-18,Nov 2023,49.60,245.62,Delayed,1043,5,valid,,,
SH11633,Warehouse_HOU,Miami,DHL,2023-11-06,Nov 2023,2023-11-10,Nov 2023,10.00,118.15,Delayed,638,2,valid,,,
SH10037,Warehouse_SF,Dallas,Amazon Logistics,2023-11-06,Nov 2023,2023-11-11,Nov 2023,26.60,333.35,Delivered,2209,5,valid,,,
SH10193,Warehouse_NYC,Dallas,LaserShip,2023-11-06,Nov 2023,2023-11-14,Nov 2023,12.80,378.16,Delivered,2465,8,valid,,,
SH10283,Warehouse_CHI,Boston,FedEx,2023-11-06,Nov 2023,2023-11-12,Nov 2023,29.50,194.07,Delivered,1041,6,valid,,,
SH11049,Warehouse_SF,San Francisco,USPS,2023-11-06,Nov 2023,2023-11-11,Nov 2023,53.30,343.47,Delivered,2222,5,valid,,,
SH11284,Warehouse_HOU,Phoenix,OnTrac,2023-11-06,Nov 2023,2023-11-10,Nov 2023,13.60,233.78,Delivered,1402,4,valid,,,
SH10346,Warehouse_SF,Houston,FedEx,2023-11-06,Nov 2023,2023-11-16,Nov 2023,10.80,349.56,In Transit,1953,10,valid,,,
SH11750,Warehouse_ATL,Seattle,LaserShip,2023-11-06,Nov 2023,2023-11-09,Nov 2023,12.40,167.33,Lost,1030,3,valid,,,
SH11292,Warehouse_CHI,Minneapolis,FedEx,2023-11-07,Nov 2023,,,53.00,355.09,Delayed,1709,4,invalid,,,
SH10332,Warehouse_MIA,Denver,UPS,2023-11-07,Nov 2023,2023-11-11,Nov 2023,10.30,233.37,Delivered,1477,4,valid,,,
SH10334,Warehouse_LA,Miami,DHL,2023-11-07,Nov 2023,2023-11-10,Nov 2023,19.00,127.07,Delivered,622,3,valid,,,
SH10381,Warehouse_MIA,Atlanta,USPS,2023-11-07,Nov 2023,2023-11-12,Nov 2023,40.30,206.28,Delivered,1076,5,valid,,,
SH10632,Warehouse_BOS,Minneapolis,UPS,2023-11-07,Nov 2023,2023-11-09,Nov 2023,6.90,107.24,Delivered,660,2,valid,,,
SH10734,Warehouse_SF,Detroit,FedEx,2023-11-07,Nov 2023,2023-11-12,Nov 2023,39.90,138.47,Delivered,475,5,valid,,,
SH10817,Warehouse_ATL,Phoenix,USPS,2023-11-07,Nov 2023,2023-11-12,Nov 2023,36.10,234.42,Delivered,1315,5,valid,,,
SH11087,Warehouse_BOS,Portland,OnTrac,2023-11-07,Nov 2023,2023-11-12,Nov 2023,40.00,437.26,Delivered,2431,5,valid,,,
SH11596,Warehouse_LA,New York,UPS,2023-11-07,Nov 2023,2023-11-11,Nov 2023,17.40,250.16,Delivered,1356,4,valid,,,
SH11779,Warehouse_BOS,Houston,DHL,2023-11-07,Nov 2023,2023-11-10,Nov 2023,73.90,268.70,Delivered,747,3,valid,,,
SH10900,Warehouse_LA,Los Angeles,DHL,2023-11-08,Nov 2023,2023-11-23,Nov 2023,11.90,103.00,Delayed,495,6,valid,,,
SH10138,Warehouse_NYC,Houston,OnTrac,2023-11-08,Nov 2023,2023-11-11,Nov 2023,66.50,199.04,Delivered,672,3,valid,,,
SH10841,Warehouse_MIA,Phoenix,LaserShip,2023-11-08,Nov 2023,2023-11-13,Nov 2023,25.90,272.00,Delivered,1763,5,valid,,,
SH11487,Warehouse_BOS,Minneapolis,DHL,2023-11-08,Nov 2023,2023-11-13,Nov 2023,17.80,407.33,Delivered,2300,5,valid,,,
SH11631,Warehouse_LA,Portland,FedEx,2023-11-08,Nov 2023,2023-11-14,Nov 2023,6.20,268.27,Delivered,1538,6,valid,,,
SH10290,Warehouse_LA,Dallas,OnTrac,2023-11-09,Nov 2023,2023-11-13,Nov 2023,10.60,235.34,Delivered,1435,4,valid,,,
SH11296,Warehouse_HOU,Dallas,LaserShip,2023-11-09,Nov 2023,2023-11-12,Nov 2023,22.80,260.19,Delivered,1512,3,valid,,,
SH11397,Warehouse_BOS,Portland,LaserShip,2023-11-09,Nov 2023,2023-11-12,Nov 2023,32.70,180.59,Delivered,958,3,valid,,,
SH11698,Warehouse_SEA,Portland,DHL,2023-11-09,Nov 2023,2023-11-13,Nov 2023,38.80,192.95,Delivered,755,4,valid,,,
SH10309,Warehouse_DEN,Phoenix,Amazon Logistics,2023-11-10,Nov 2023,2023-11-22,Nov 2023,36.50,109.90,Delayed,385,2,valid,,,
SH10089,Warehouse_NYC,Portland,LaserShip,2023-11-10,Nov 2023,2023-11-14,Nov 2023,127.80,247.54,Delivered,1482,4,valid,,,
SH10359,Warehouse_CHI,Detroit,Amazon Logistics,2023-11-10,Nov 2023,2023-11-12,Nov 2023,27.20,87.22,Delivered,283,2,valid,,,
SH11183,Warehouse_NYC,San Francisco,DHL,2023-11-10,Nov 2023,2023-11-18,Nov 2023,9.50,353.39,Delivered,2274,8,valid,,,
SH11970,Warehouse_SF,Dallas,OnTrac,2023-11-10,Nov 2023,2023-11-13,Nov 2023,20.40,149.89,Delivered,943,3,valid,,,
SH11994,Warehouse_SF,Seattle,Amazon Logistics,2023-11-10,Nov 2023,2023-11-12,Nov 2023,59.70,130.00,Delivered,237,2,valid,,,
SH10252,Warehouse_BOS,Los Angeles,UPS,2023-11-11,Nov 2023,2023-11-16,Nov 2023,21.50,437.58,Delivered,2433,5,valid,,,
SH10255,Warehouse_LA,Denver,UPS,2023-11-11,Nov 2023,2023-11-16,Nov 2023,17.90,191.48,Delivered,984,5,valid,,,
SH10612,Warehouse_HOU,Seattle,FedEx,2023-11-11,Nov 2023,2023-11-16,Nov 2023,0.30,333.92,Delivered,1775,5,valid,,,
SH10635,Warehouse_CHI,Denver,FedEx,2023-11-11,Nov 2023,2023-11-14,Nov 2023,65.20,264.64,Delivered,1000,3,valid,,,
SH10076,Warehouse_DEN,Houston,Amazon Logistics,2023-11-12,Nov 2023,2023-11-13,Nov 2023,25.40,85.28,Delivered,319,1,valid,,,
SH10160,Warehouse_LA,Atlanta,UPS,2023-11-12,Nov 2023,2023-11-16,Nov 2023,22.10,169.82,Delivered,821,4,valid,,,
SH10524,Warehouse_ATL,Detroit,Amazon Logistics,2023-11-12,Nov 2023,2023-11-16,Nov 2023,6.90,213.81,Delivered,1517,4,valid,,,
SH11881,Warehouse_MIA,Miami,FedEx,2023-11-12,Nov 2023,2023-11-14,Nov 2023,6.10,39.84,Delivered,218,2,valid,,,
SH11886,Warehouse_SF,Detroit,LaserShip,2023-11-12,Nov 2023,2023-11-15,Nov 2023,24.80,206.07,Delivered,1099,3,valid,,,
SH10530,Warehouse_NYC,Houston,UPS,2023-11-13,Nov 2023,2023-11-18,Nov 2023,5.50,248.81,Delivered,1769,5,valid,,,
SH10819,Warehouse_LA,New York,USPS,2023-11-13,Nov 2023,2023-11-18,Nov 2023,25.20,283.73,Delivered,1791,5,valid,,,
SH10825,Warehouse_NYC,Atlanta,FedEx,2023-11-13,Nov 2023,2023-11-19,Nov 2023,9.70,162.42,Delivered,870,6,valid,,,
SH10914,Warehouse_ATL,Houston,OnTrac,2023-11-13,Nov 2023,2023-11-16,Nov 2023,22.50,172.21,Delivered,945,3,valid,,,
SH10268,Warehouse_DEN,Miami,Amazon Logistics,2023-11-14,Nov 2023,2023-11-19,Nov 2023,8.70,202.52,Delivered,1348,5,valid,,,
SH10621,Warehouse_BOS,Portland,USPS,2023-11-14,Nov 2023,2023-11-22,Nov 2023,21.40,276.47,Delivered,1837,8,valid,,,
SH10857,Warehouse_SEA,Minneapolis,FedEx,2023-11-14,Nov 2023,2023-11-17,Nov 2023,8.30,166.12,Delivered,1054,3,valid,,,
SH10907,Warehouse_CHI,Seattle,FedEx,2023-11-14,Nov 2023,2023-11-19,Nov 2023,14.00,337.00,Delivered,1878,5,valid,,,
SH10999,Warehouse_HOU,New York,LaserShip,2023-11-14,Nov 2023,2023-11-21,Nov 2023,19.40,348.76,Delivered,2417,7,valid,,,
SH11373,Warehouse_ATL,Phoenix,FedEx,2023-11-14,Nov 2023,2023-11-17,Nov 2023,35.20,87.57,Delivered,214,3,valid,,,
SH11708,Warehouse_SF,San Francisco,FedEx,2023-11-14,Nov 2023,2023-11-19,Nov 2023,9.70,228.09,Delivered,1364,5,valid,,,
SH10151,Warehouse_ATL,San Francisco,UPS,2023-11-15,Nov 2023,2023-11-30,Nov 2023,21.80,123.40,Delayed,573,2,valid,,,
SH10587,Warehouse_CHI,Boston,UPS,2023-11-15,Nov 2023,2023-11-18,Nov 2023,43.90,133.41,Delivered,413,3,valid,,,
SH10705,Warehouse_NYC,Portland,UPS,2023-11-15,Nov 2023,2023-11-20,Nov 2023,60.40,370.75,Delivered,1846,5,valid,,,
SH10901,Warehouse_MIA,Minneapolis,DHL,2023-11-15,Nov 2023,2023-11-17,Nov 2023,24.40,146.91,Delivered,605,2,valid,,,
SH10627,Warehouse_SF,San Francisco,FedEx,2023-11-15,Nov 2023,2023-11-20,Nov 2023,7.00,194.75,In Transit,1191,5,valid,,,
SH10293,Warehouse_MIA,Phoenix,DHL,2023-11-16,Nov 2023,2023-11-20,Nov 2023,16.70,341.36,Delivered,1808,4,valid,,,
SH10372,Warehouse_MIA,Miami,FedEx,2023-11-16,Nov 2023,2023-11-17,Nov 2023,11.00,122.50,Delivered,675,1,valid,,,
SH10669,Warehouse_LA,Dallas,LaserShip,2023-11-16,Nov 2023,2023-11-21,Nov 2023,39.00,280.22,Delivered,1435,5,valid,,,
SH11149,Warehouse_SEA,Chicago,USPS,2023-11-16,Nov 2023,2023-11-19,Nov 2023,19.00,782.71,Delivered,870,3,valid,,,
SH11899,Warehouse_SEA,Los Angeles,USPS,2023-11-16,Nov 2023,2023-11-22,Nov 2023,9.20,,Delivered,2393,6,valid,,,
SH10949,Warehouse_ATL,Dallas,UPS,2023-11-17,Nov 2023,2023-12-03,Dec 2023,47.60,267.76,Delayed,1263,4,valid,,,
SH10646,Warehouse_ATL,Detroit,LaserShip,2023-11-17,Nov 2023,2023-11-19,Nov 2023,23.10,98.82,Delivered,393,2,valid,,,
SH10887,Warehouse_ATL,Boston,Amazon Logistics,2023-11-17,Nov 2023,2023-11-23,Nov 2023,42.30,378.62,Delivered,2282,6,valid,,,
SH10893,Warehouse_SF,Dallas,OnTrac,2023-11-17,Nov 2023,2023-11-20,Nov 2023,10.50,154.75,Delivered,917,3,valid,,,
SH11381,Warehouse_CHI,Denver,USPS,2023-11-17,Nov 2023,2023-11-21,Nov 2023,12.50,159.23,Delivered,1000,4,valid,,,
SH11465,Warehouse_NYC,Dallas,USPS,2023-11-18,Nov 2023,2023-11-23,Nov 2023,23.10,176.66,Delivered,1065,5,valid,,,
SH11732,Warehouse_HOU,Miami,FedEx,2023-11-18,Nov 2023,2023-11-24,Nov 2023,47.60,434.73,Delivered,2194,6,valid,,,
SH11828,Warehouse_NYC,Seattle,USPS,2023-11-18,Nov 2023,2023-11-22,Nov 2023,35.90,220.77,Delivered,1360,4,valid,,,
SH10577,Warehouse_ATL,San Francisco,FedEx,2023-11-18,Nov 2023,2023-11-22,Nov 2023,23.30,228.28,Lost,1203,4,valid,,,
SH10165,Warehouse_LA,Denver,OnTrac,2023-11-19,Nov 2023,2023-11-21,Nov 2023,23.30,117.91,Delivered,586,2,valid,,,
SH10356,Warehouse_SF,Detroit,LaserShip,2023-11-19,Nov 2023,2023-11-24,Nov 2023,18.70,270.75,Delivered,1679,5,valid,,,
SH10380,Warehouse_BOS,Portland,OnTrac,2023-11-19,Nov 2023,2023-11-23,Nov 2023,33.60,291.85,Delivered,1512,4,valid,,,
SH10564,Warehouse_ATL,Miami,USPS,2023-11-19,Nov 2023,2023-11-22,Nov 2023,23.20,208.01,Delivered,1256,3,valid,,,
SH10696,Warehouse_NYC,Atlanta,FedEx,2023-11-19,Nov 2023,2023-11-22,Nov 2023,7.20,158.85,Delivered,870,3,valid,,,
SH10712,Warehouse_LA,Detroit,USPS,2023-11-19,Nov 2023,2023-11-26,Nov 2023,3.80,206.23,Delivered,1465,7,valid,,,
SH11634,Warehouse_SF,Boston,USPS,2023-11-19,Nov 2023,2023-11-28,Nov 2023,43.60,304.30,Delivered,1947,9,valid,,,
SH10467,Warehouse_SF,Dallas,USPS,2023-11-19,Nov 2023,2023-11-22,Nov 2023,15.70,121.50,In Transit,664,3,valid,,,
SH10299,Warehouse_SEA,Boston,LaserShip,2023-11-20,Nov 2023,2023-11-24,Nov 2023,12.70,261.22,Delivered,1547,4,valid,,,
SH10602,Warehouse_HOU,Dallas,Amazon Logistics,2023-11-20,Nov 2023,2023-11-30,Nov 2023,10.50,325.38,Delivered,2144,10,valid,,,
SH10087,Warehouse_CHI,Chicago,OnTrac,2023-11-21,Nov 2023,2023-11-30,Nov 2023,17.10,214.99,Delayed,1284,4,valid,,,
SH10553,Warehouse_DEN,Atlanta,DHL,2023-11-21,Nov 2023,2023-11-30,Nov 2023,17.50,402.56,Delivered,2146,9,valid,,,
SH11189,Warehouse_SF,San Francisco,FedEx,2023-11-21,Nov 2023,2023-11-24,Nov 2023,43.70,135.18,Delivered,462,3,valid,,,
SH11563,Warehouse_LA,Boston,OnTrac,2023-11-21,Nov 2023,2023-11-24,Nov 2023,46.20,94.64,Delivered,176,3,valid,,,
SH11830,Warehouse_LA,Portland,USPS,2023-11-21,Nov 2023,2023-11-24,Nov 2023,82.70,243.19,Delivered,1023,3,valid,,,
SH11938,Warehouse_LA,Detroit,FedEx,2023-11-21,Nov 2023,2023-11-28,Nov 2023,61.70,455.69,Delivered,2430,7,valid,,,
SH11963,Warehouse_MIA,San Francisco,LaserShip,2023-11-21,Nov 2023,2023-11-27,Nov 2023,31.50,320.88,Delivered,1900,6,valid,,,
SH11196,Warehouse_SEA,San Francisco,UPS,2023-11-21,Nov 2023,2023-11-27,Nov 2023,27.30,317.02,Returned,1876,6,valid,,,
SH10974,Warehouse_MIA,Miami,UPS,2023-11-22,Nov 2023,2023-12-11,Dec 2023,32.00,348.00,Delayed,2060,8,valid,,,
SH10086,Warehouse_SEA,Minneapolis,DHL,2023-11-22,Nov 2023,2023-11-29,Nov 2023,13.50,422.32,Delivered,2388,7,valid,,,
SH11102,Warehouse_ATL,Houston,UPS,2023-11-22,Nov 2023,2023-11-27,Nov 2023,61.50,383.67,Delivered,1976,5,valid,,,
SH11349,Warehouse_LA,Chicago,LaserShip,2023-11-22,Nov 2023,2023-11-27,Nov 2023,43.70,283.67,Delivered,1750,5,valid,,,
SH11475,Warehouse_MIA,Portland,UPS,2023-11-22,Nov 2023,2023-11-28,Nov 2023,28.10,303.53,Delivered,1711,6,valid,,,
SH11151,Warehouse_NYC,Boston,OnTrac,2023-11-23,Nov 2023,2023-11-24,Nov 2023,10.70,42.56,Delivered,215,1,valid,,,
SH11539,Warehouse_LA,Minneapolis,FedEx,2023-11-23,Nov 2023,2023-11-29,Nov 2023,36.30,439.48,Delivered,2181,6,valid,,,
SH11544,Warehouse_LA,Seattle,LaserShip,2023-11-23,Nov 2023,2023-11-26,Nov 2023,51.00,,Delivered,1135,3,valid,,,
SH10732,Warehouse_SF,Dallas,LaserShip,2023-11-24,Nov 2023,2023-12-03,Dec 2023,15.00,266.53,Delayed,1632,5,valid,,,
SH10008,Warehouse_HOU,Detroit,Amazon Logistics,2023-11-24,Nov 2023,2023-12-01,Dec 2023,15.10,341.93,Delivered,2072,7,valid,,,
SH10405,Warehouse_ATL,Detroit,USPS,2023-11-24,Nov 2023,2023-11-28,Nov 2023,34.70,329.19,Delivered,1913,4,valid,,,
SH11420,Warehouse_ATL,Detroit,DHL,2023-11-24,Nov 2023,2023-11-26,Nov 2023,11.10,109.93,Delivered,505,2,valid,,,
SH11560,Warehouse_NYC,Houston,USPS,2023-11-24,Nov 2023,2023-11-29,Nov 2023,18.10,132.04,Delivered,863,5,valid,,,
SH11686,Warehouse_SEA,Seattle,OnTrac,2023-11-24,Nov 2023,2023-11-27,Nov 2023,53.80,121.01,Delivered,371,3,valid,,,
SH11862,Warehouse_NYC,San Francisco,USPS,2023-11-24,Nov 2023,2023-11-27,Nov 2023,9.50,76.52,Delivered,465,3,valid,,,
SH11840,Warehouse_BOS,Los Angeles,Amazon Logistics,2023-11-24,Nov 2023,2023-11-28,Nov 2023,34.00,63.15,In Transit,113,4,valid,,,
SH10816,Warehouse_BOS,New York,LaserShip,2023-11-24,Nov 2023,2023-11-28,Nov 2023,17.00,113.42,Lost,677,4,valid,,,
SH11107,Warehouse_SEA,Portland,FedEx,2023-11-25,Nov 2023,2023-12-04,Dec 2023,12.60,291.61,Delayed,1899,5,valid,,,
SH10184,Warehouse_SF,Houston,Amazon Logistics,2023-11-25,Nov 2023,2023-11-30,Nov 2023,17.50,347.71,Delivered,2380,5,valid,,,
SH10788,Warehouse_BOS,Phoenix,LaserShip,2023-11-25,Nov 2023,2023-12-02,Dec 2023,36.90,307.40,Delivered,1682,7,valid,,,
SH10902,Warehouse_LA,Dallas,DHL,2023-11-25,Nov 2023,2023-11-28,Nov 2023,18.00,271.66,Delivered,1435,3,valid,,,
SH11224,Warehouse_MIA,Dallas,UPS,2023-11-25,Nov 2023,2023-11-29,Nov 2023,17.90,336.25,Delivered,2051,4,valid,,,
SH11622,Warehouse_ATL,Atlanta,USPS,2023-11-25,Nov 2023,2023-11-27,Nov 2023,22.10,93.00,Delivered,398,2,valid,,,
SH11883,Warehouse_ATL,Boston,OnTrac,2023-11-25,Nov 2023,2023-11-29,Nov 2023,7.20,212.11,Delivered,1306,4,valid,,,
SH10686,Warehouse_BOS,Portland,LaserShip,2023-11-25,Nov 2023,2023-12-01,Dec 2023,25.80,319.09,Lost,2008,6,valid,,,
SH11280,Warehouse_HOU,Portland,USPS,2023-11-25,Nov 2023,2023-12-03,Dec 2023,110.70,429.91,Returned,1985,8,valid,,,
SH10318,Warehouse_HOU,Los Angeles,OnTrac,2023-11-26,Nov 2023,2023-12-16,Dec 2023,77.80,413.72,Delayed,2313,10,valid,,,
SH11394,Warehouse_MIA,Boston,FedEx,2023-11-26,Nov 2023,2023-12-16,Dec 2023,17.90,247.56,Delayed,1525,10,valid,,,
SH10809,Warehouse_SEA,Chicago,OnTrac,2023-11-26,Nov 2023,2023-12-03,Dec 2023,6.20,314.26,Delivered,2315,7,valid,,,
SH10813,Warehouse_DEN,Boston,OnTrac,2023-11-26,Nov 2023,2023-12-02,Dec 2023,14.50,301.80,Delivered,1889,6,valid,,,
SH11015,Warehouse_CHI,Los Angeles,USPS,2023-11-26,Nov 2023,2023-11-30,Nov 2023,59.80,203.10,Delivered,789,4,valid,,,
SH10517,Warehouse_HOU,Boston,USPS,2023-11-27,Nov 2023,2023-12-03,Dec 2023,80.00,485.62,Delivered,2479,6,valid,,,
SH10554,Warehouse_LA,Boston,LaserShip,2023-11-27,Nov 2023,2023-11-28,Nov 2023,33.00,73.97,Delivered,223,1,valid,,,
SH11669,Warehouse_ATL,Seattle,DHL,2023-11-27,Nov 2023,2023-11-30,Nov 2023,18.60,202.15,Delivered,997,3,valid,,,
SH11887,Warehouse_HOU,Miami,OnTrac,2023-11-27,Nov 2023,2023-12-02,Dec 2023,28.10,195.61,Returned,1012,5,valid,,,
SH10091,Warehouse_ATL,Los Angeles,Amazon Logistics,2023-11-28,Nov 2023,2023-12-09,Dec 2023,8.50,151.64,Delayed,920,4,valid,,,
SH10906,Warehouse_SF,San Francisco,Amazon Logistics,2023-11-28,Nov 2023,2023-12-03,Dec 2023,40.30,208.84,Delivered,1034,5,valid,,,
SH11120,Warehouse_NYC,Houston,FedEx,2023-11-28,Nov 2023,2023-12-02,Dec 2023,54.50,232.49,Delivered,866,4,valid,,,
SH11136,Warehouse_ATL,Detroit,DHL,2023-11-28,Nov 2023,2023-11-29,Nov 2023,15.00,48.67,Delivered,173,1,valid,,,
SH11416,Warehouse_HOU,Portland,DHL,2023-11-28,Nov 2023,2023-12-04,Dec 2023,18.70,326.90,Delivered,1838,6,valid,,,
SH10269,Warehouse_SF,Atlanta,USPS,2023-11-28,Nov 2023,2023-12-01,Dec 2023,10.90,55.96,In Transit,340,3,valid,,,
SH10078,Warehouse_LA,Portland,UPS,2023-11-29,Nov 2023,2023-12-02,Dec 2023,10.90,119.38,Delivered,612,3,valid,,,
SH10227,Warehouse_SEA,New York,OnTrac,2023-11-29,Nov 2023,2023-12-05,Dec 2023,16.10,161.74,Delivered,1053,6,valid,,,
SH10266,Warehouse_BOS,Phoenix,Amazon Logistics,2023-11-29,Nov 2023,2023-12-05,Dec 2023,40.90,224.12,Delivered,1122,6,valid,,,
SH10446,Warehouse_SEA,Seattle,FedEx,2023-11-29,Nov 2023,2023-12-05,Dec 2023,34.00,234.67,Delivered,1211,6,valid,,,
SH10566,Warehouse_MIA,Phoenix,USPS,2023-11-29,Nov 2023,2023-12-07,Dec 2023,61.60,384.10,Delivered,2445,8,valid,,,
SH10996,Warehouse_SEA,San Francisco,OnTrac,2023-11-29,Nov 2023,2023-12-03,Dec 2023,25.40,145.24,Delivered,749,4,valid,,,
SH11131,Warehouse_HOU,Minneapolis,UPS,2023-11-29,Nov 2023,2023-12-05,Dec 2023,1.10,394.62,Delivered,2484,6,valid,,,
SH11160,Warehouse_SEA,Denver,USPS,2023-11-29,Nov 2023,2023-12-01,Dec 2023,15.10,99.27,Delivered,565,2,valid,,,
SH10503,Warehouse_SEA,Minneapolis,USPS,2023-11-30,Nov 2023,2023-12-04,Dec 2023,10.30,227.04,Delivered,1473,4,valid,,,
SH10507,Warehouse_NYC,Miami,DHL,2023-11-30,Nov 2023,2023-12-05,Dec 2023,12.50,283.78,Delivered,1588,5,valid,,,
SH10708,Warehouse_SEA,Denver,OnTrac,2023-11-30,Nov 2023,,,17.00,174.48,Delivered,1143,5,invalid,,,
SH10710,Warehouse_ATL,Chicago,UPS,2023-11-30,Nov 2023,2023-12-02,Dec 2023,30.60,89.12,Delivered,284,2,valid,,,
SH10892,Warehouse_SF,New York,LaserShip,2023-11-30,Nov 2023,2023-12-01,Dec 2023,11.30,29.98,Delivered,104,1,valid,,,
SH11135,Warehouse_NYC,Los Angeles,USPS,2023-11-30,Nov 2023,2023-12-07,Dec 2023,9.60,,Delivered,1000,7,valid,,,
SH11415,Warehouse_SF,Chicago,DHL,2023-11-30,Nov 2023,2023-12-07,Dec 2023,38.00,286.58,Delivered,1542,7,valid,,,
SH11936,Warehouse_ATL,Dallas,Amazon Logistics,2023-11-30,Nov 2023,2023-12-03,Dec 2023,27.00,188.63,Delivered,1068,3,valid,,,
SH10130,Warehouse_MIA,Phoenix,LaserShip,2023-12-01,Dec 2023,2023-12-06,Dec 2023,15.10,321.82,Delivered,2204,5,valid,,,
SH10930,Warehouse_MIA,Los Angeles,UPS,2023-12-01,Dec 2023,2023-12-05,Dec 2023,23.30,266.08,Delivered,1473,4,valid,,,
SH11873,Warehouse_CHI,Detroit,UPS,2023-12-01,Dec 2023,2023-12-03,Dec 2023,13.80,63.06,Delivered,283,2,valid,,,
SH10400,Warehouse_ATL,San Francisco,Amazon Logistics,2023-12-01,Dec 2023,2023-12-06,Dec 2023,6.50,28.34,Lost,129,2,valid,,,
SH10140,Warehouse_SEA,Portland,USPS,2023-12-02,Dec 2023,2023-12-04,Dec 2023,48.00,133.98,Delivered,593,2,valid,,,
SH10408,Warehouse_CHI,Atlanta,OnTrac,2023-12-02,Dec 2023,2023-12-07,Dec 2023,9.60,154.66,Delivered,1040,5,valid,,,
SH11104,Warehouse_HOU,Denver,FedEx,2023-12-02,Dec 2023,2023-12-05,Dec 2023,53.70,255.13,Delivered,1030,3,valid,,,
SH11272,Warehouse_ATL,Seattle,FedEx,2023-12-02,Dec 2023,2023-12-06,Dec 2023,30.90,196.94,Delivered,880,4,valid,,,
SH11542,Warehouse_CHI,Detroit,USPS,2023-12-02,Dec 2023,2023-12-04,Dec 2023,14.10,58.04,Delivered,283,2,valid,,,
SH11656,Warehouse_BOS,Los Angeles,DHL,2023-12-02,Dec 2023,2023-12-04,Dec 2023,5.60,36.10,Delivered,171,2,valid,,,
SH11743,Warehouse_MIA,Phoenix,Amazon Logistics,2023-12-03,Dec 2023,2023-12-21,Dec 2023,31.40,226.08,Delayed,1430,5,valid,,,
SH10782,Warehouse_NYC,Houston,OnTrac,2023-12-03,Dec 2023,2023-12-07,Dec 2023,17.30,218.41,Delivered,1246,4,valid,,,
SH10419,Warehouse_MIA,Dallas,OnTrac,2023-12-04,Dec 2023,,,7.80,330.04,Delivered,2242,5,invalid,,,
SH10439,Warehouse_NYC,Chicago,LaserShip,2023-12-04,Dec 2023,2023-12-06,Dec 2023,10.20,120.04,Delivered,790,2,valid,,,
SH10959,Warehouse_HOU,Denver,OnTrac,2023-12-04,Dec 2023,2023-12-11,Dec 2023,3.20,140.80,Delivered,1030,7,valid,,,
SH11192,Warehouse_LA,San Francisco,OnTrac,2023-12-04,Dec 2023,2023-12-09,Dec 2023,19.00,416.08,Delivered,2473,5,valid,,,
SH10303,Warehouse_DEN,Boston,DHL,2023-12-05,Dec 2023,2023-12-10,Dec 2023,30.50,464.17,Delivered,2363,5,valid,,,
SH11072,Warehouse_ATL,New York,LaserShip,2023-12-05,Dec 2023,2023-12-07,Dec 2023,7.00,114.15,Delivered,704,2,valid,,,
SH11231,Warehouse_ATL,Phoenix,USPS,2023-12-05,Dec 2023,2023-12-14,Dec 2023,65.60,368.43,Delivered,2255,9,valid,,,
SH11737,Warehouse_DEN,Miami,LaserShip,2023-12-05,Dec 2023,2023-12-06,Dec 2023,5.00,33.88,Delivered,165,1,valid,,,
SH10001,Warehouse_MIA,Atlanta,DHL,2023-12-06,Dec 2023,2023-12-09,Dec 2023,38.90,268.85,Delivered,1225,3,valid,,,
SH10304,Warehouse_SF,New York,Amazon Logistics,2023-12-06,Dec 2023,2023-12-11,Dec 2023,20.60,246.74,Delivered,1442,5,valid,,,
SH10755,Warehouse_LA,San Francisco,LaserShip,2023-12-06,Dec 2023,2023-12-09,Dec 2023,6.20,111.44,Delivered,735,3,valid,,,
SH10938,Warehouse_SF,San Francisco,FedEx,2023-12-06,Dec 2023,2023-12-10,Dec 2023,22.40,162.76,Delivered,862,4,valid,,,
SH11581,Warehouse_SEA,Chicago,OnTrac,2023-12-06,Dec 2023,2023-12-13,Dec 2023,10.80,225.38,Delivered,1369,7,valid,,,
SH11671,Warehouse_MIA,Chicago,FedEx,2023-12-06,Dec 2023,2023-12-13,Dec 2023,9.00,352.78,Delivered,1993,7,valid,,,
SH11788,Warehouse_LA,Portland,OnTrac,2023-12-07,Dec 2023,2023-12-21,Dec 2023,48.80,347.95,Delayed,2192,6,valid,,,
SH10158,Warehouse_NYC,Phoenix,Amazon Logistics,2023-12-07,Dec 2023,2023-12-09,Dec 2023,11.50,69.70,Delivered,388,2,valid,,,
SH11356,Warehouse_SEA,Seattle,LaserShip,2023-12-07,Dec 2023,2023-12-13,Dec 2023,5.30,325.32,Delivered,2197,6,valid,,,
SH11572,Warehouse_SF,Denver,UPS,2023-12-07,Dec 2023,2023-12-08,Dec 2023,25.90,60.74,Delivered,131,1,valid,,,
SH11577,Warehouse_MIA,San Francisco,Amazon Logistics,2023-12-07,Dec 2023,2023-12-11,Dec 2023,28.70,238.39,Delivered,1229,4,valid,,,
SH11608,Warehouse_MIA,Portland,LaserShip,2023-12-07,Dec 2023,2023-12-09,Dec 2023,30.10,122.82,Delivered,594,2,valid,,,
SH11989,Warehouse_CHI,Miami,FedEx,2023-12-07,Dec 2023,2023-12-12,Dec 2023,29.10,240.47,Delivered,1350,5,valid,,,
SH11918,Warehouse_NYC,Boston,USPS,2023-12-08,Dec 2023,2023-12-11,Dec 2023,6.70,42.11,Delayed,215,1,valid,,,
SH10039,Warehouse_MIA,New York,LaserShip,2023-12-08,Dec 2023,,,65.20,284.81,Delivered,1204,3,invalid,,,
SH10596,Warehouse_ATL,San Francisco,UPS,2023-12-08,Dec 2023,2023-12-13,Dec 2023,56.80,315.36,Delivered,1705,5,valid,,,
SH10202,Warehouse_LA,Atlanta,USPS,2023-12-09,Dec 2023,2023-12-23,Dec 2023,10.80,232.88,Delayed,1504,4,valid,,,
SH10424,Warehouse_MIA,Minneapolis,FedEx,2023-12-09,Dec 2023,2023-12-14,Dec 2023,8.80,157.81,Delayed,849,2,valid,,,
SH11662,Warehouse_CHI,Detroit,UPS,2023-12-09,Dec 2023,2023-12-20,Dec 2023,10.30,,Delayed,283,1,valid,,,
SH10464,Warehouse_BOS,Chicago,LaserShip,2023-12-09,Dec 2023,2023-12-13,Dec 2023,29.00,228.35,Delivered,1340,4,valid,,,
SH10563,Warehouse_DEN,Portland,FedEx,2023-12-09,Dec 2023,2023-12-13,Dec 2023,17.70,320.45,Delivered,1681,4,valid,,,
SH11203,Warehouse_BOS,Los Angeles,OnTrac,2023-12-09,Dec 2023,2023-12-12,Dec 2023,10.90,201.11,Delivered,1413,3,valid,,,
SH11370,Warehouse_NYC,Los Angeles,OnTrac,2023-12-09,Dec 2023,2023-12-12,Dec 2023,40.90,186.93,Lost,855,3,valid,,,
SH10192,Warehouse_SEA,Detroit,FedEx,2023-12-10,Dec 2023,2023-12-15,Dec 2023,26.50,345.27,Delivered,2052,5,valid,,,
SH10226,Warehouse_HOU,Phoenix,USPS,2023-12-10,Dec 2023,2023-12-13,Dec 2023,16.60,219.37,Delivered,1469,3,valid,,,
SH11337,Warehouse_DEN,Chicago,Amazon Logistics,2023-12-10,Dec 2023,2023-12-15,Dec 2023,34.90,296.79,Delivered,1876,5,valid,,,
SH10885,Warehouse_HOU,Seattle,LaserShip,2023-12-10,Dec 2023,2023-12-15,Dec 2023,10.50,308.36,In Transit,2147,5,valid,,,
SH11274,Warehouse_HOU,Detroit,FedEx,2023-12-11,Dec 2023,2023-12-19,Dec 2023,13.70,383.07,Delivered,2205,8,valid,,,
SH11469,Warehouse_DEN,Denver,FedEx,2023-12-11,Dec 2023,2023-12-12,Dec 2023,70.60,151.86,Delivered,323,1,valid,,,
SH11599,Warehouse_CHI,Denver,DHL,2023-12-11,Dec 2023,2023-12-14,Dec 2023,35.10,226.64,Delivered,1000,3,valid,,,
SH11626,Warehouse_MIA,Denver,USPS,2023-12-11,Dec 2023,2023-12-17,Dec 2023,42.70,319.58,Delivered,1829,6,valid,,,
SH11932,Warehouse_BOS,Denver,DHL,2023-12-11,Dec 2023,2023-12-14,Dec 2023,10.40,,Delivered,1467,3,valid,,,
SH11718,Warehouse_MIA,Minneapolis,DHL,2023-12-11,Dec 2023,2023-12-16,Dec 2023,9.00,287.97,In Transit,1495,5,valid,,,
SH10366,Warehouse_BOS,Boston,FedEx,2023-12-12,Dec 2023,2023-12-23,Dec 2023,55.10,474.36,Delayed,2247,6,valid,,,
SH11900,Warehouse_SEA,Atlanta,DHL,2023-12-12,Dec 2023,2023-12-22,Dec 2023,78.20,211.42,Delayed,620,2,valid,,,
SH11063,Warehouse_MIA,Denver,LaserShip,2023-12-12,Dec 2023,2023-12-15,Dec 2023,14.30,88.88,Delivered,489,3,valid,,,
SH10104,Warehouse_SEA,New York,FedEx,2023-12-13,Dec 2023,2023-12-16,Dec 2023,16.60,121.29,Delivered,543,3,valid,,,
SH10109,Warehouse_DEN,Phoenix,LaserShip,2023-12-13,Dec 2023,,,16.50,73.12,Delivered,371,2,invalid,,,
SH10647,Warehouse_SEA,Minneapolis,DHL,2023-12-13,Dec 2023,2023-12-16,Dec 2023,37.70,336.06,Delivered,1505,3,valid,,,
SH10978,Warehouse_DEN,Detroit,Amazon Logistics,2023-12-13,Dec 2023,2023-12-17,Dec 2023,23.10,221.08,Delivered,1280,4,valid,,,
SH10028,Warehouse_SF,Dallas,LaserShip,2023-12-15,Dec 2023,2023-12-20,Dec 2023,22.80,373.64,Delivered,2229,5,valid,,,
SH10211,Warehouse_CHI,Chicago,FedEx,2023-12-15,Dec 2023,2023-12-17,Dec 2023,28.80,96.12,Delivered,308,2,valid,,,
SH11079,Warehouse_NYC,Detroit,UPS,2023-12-15,Dec 2023,2023-12-21,Dec 2023,19.50,354.28,Delivered,2393,6,valid,,,
SH11514,Warehouse_CHI,Phoenix,OnTrac,2023-12-15,Dec 2023,2023-12-20,Dec 2023,39.70,186.77,Delivered,890,5,valid,,,
SH11603,Warehouse_CHI,New York,OnTrac,2023-12-15,Dec 2023,2023-12-19,Dec 2023,10.70,219.96,Delivered,1474,4,valid,,,
SH10212,Warehouse_HOU,San Francisco,FedEx,2023-12-15,Dec 2023,2023-12-20,Dec 2023,9.10,125.92,Returned,787,5,valid,,,
SH10619,Warehouse_SF,Phoenix,LaserShip,2023-12-16,Dec 2023,2023-12-25,Dec 2023,43.20,416.42,Delayed,2266,7,valid,,,
SH10850,Warehouse_MIA,Atlanta,FedEx,2023-12-16,Dec 2023,2023-12-30,Dec 2023,12.40,55.37,Delayed,253,1,valid,,,
SH10352,Warehouse_SEA,Minneapolis,OnTrac,2023-12-16,Dec 2023,2023-12-18,Dec 2023,14.30,88.22,Delivered,421,2,valid,,,
SH10657,Warehouse_SF,Denver,LaserShip,2023-12-16,Dec 2023,2023-12-17,Dec 2023,32.30,115.94,Delivered,531,1,valid,,,
SH10972,Warehouse_HOU,Houston,UPS,2023-12-16,Dec 2023,2023-12-23,Dec 2023,24.70,179.53,Delivered,974,7,valid,,,
SH11143,Warehouse_HOU,Phoenix,Amazon Logistics,2023-12-16,Dec 2023,2023-12-18,Dec 2023,1.90,119.85,Delivered,796,2,valid,,,
SH11937,Warehouse_SEA,Boston,Amazon Logistics,2023-12-16,Dec 2023,2023-12-21,Dec 2023,12.90,305.45,Delivered,1875,5,valid,,,
SH11975,Warehouse_ATL,Houston,LaserShip,2023-12-16,Dec 2023,2023-12-18,Dec 2023,18.70,166.44,Delivered,998,2,valid,,,
SH11132,Warehouse_BOS,Minneapolis,LaserShip,2023-12-17,Dec 2023,2023-12-31,Dec 2023,35.40,212.98,Delayed,1171,5,valid,,,
SH10348,Warehouse_DEN,Boston,OnTrac,2023-12-17,Dec 2023,,,8.20,69.79,Delivered,383,2,invalid,,,
SH10403,Warehouse_NYC,Dallas,LaserShip,2023-12-17,Dec 2023,2023-12-18,Dec 2023,12.70,56.43,Delivered,273,1,valid,,,
SH10472,Warehouse_HOU,Denver,DHL,2023-12-17,Dec 2023,2023-12-20,Dec 2023,52.60,258.14,Delivered,1030,3,valid,,,
SH11661,Warehouse_LA,New York,LaserShip,2023-12-17,Dec 2023,2023-12-20,Dec 2023,60.30,272.78,Delivered,1194,3,valid,,,
SH11116,Warehouse_LA,Miami,LaserShip,2023-12-17,Dec 2023,2023-12-21,Dec 2023,16.40,316.52,Returned,1914,4,valid,,,
SH10740,Warehouse_DEN,Phoenix,Amazon Logistics,2023-12-18,Dec 2023,2023-12-27,Dec 2023,9.20,141.68,Delayed,974,3,valid,,,
SH10398,Warehouse_BOS,Atlanta,OnTrac,2023-12-18,Dec 2023,2023-12-25,Dec 2023,10.80,400.75,Delivered,2425,7,valid,,,
SH10606,Warehouse_LA,Chicago,Amazon Logistics,2023-12-18,Dec 2023,2023-12-23,Dec 2023,29.70,149.52,Delivered,766,5,valid,,,
SH10986,Warehouse_LA,Los Angeles,OnTrac,2023-12-18,Dec 2023,2023-12-24,Dec 2023,42.10,285.71,Delivered,1460,6,valid,,,
SH10989,Warehouse_LA,San Francisco,Amazon Logistics,2023-12-18,Dec 2023,2023-12-23,Dec 2023,19.00,224.00,Delivered,1524,5,valid,,,
SH11084,Warehouse_DEN,Phoenix,FedEx,2023-12-18,Dec 2023,2023-12-21,Dec 2023,31.00,227.94,Delivered,1045,3,valid,,,
SH11464,Warehouse_LA,New York,USPS,2023-12-18,Dec 2023,2023-12-23,Dec 2023,32.60,164.69,Delivered,807,5,valid,,,
SH11256,Warehouse_NYC,Chicago,OnTrac,2023-12-19,Dec 2023,2023-12-23,Dec 2023,13.50,123.13,Delivered,790,4,valid,,,
SH11583,Warehouse_HOU,Chicago,USPS,2023-12-19,Dec 2023,2023-12-23,Dec 2023,108.50,299.16,Delivered,1240,4,valid,,,
SH11595,Warehouse_MIA,Dallas,Amazon Logistics,2023-12-19,Dec 2023,2023-12-22,Dec 2023,10.00,60.18,Delivered,287,3,valid,,,
SH11805,Warehouse_ATL,Phoenix,DHL,2023-12-19,Dec 2023,2023-12-23,Dec 2023,7.40,323.36,Delivered,1880,4,valid,,,
SH11951,Warehouse_CHI,Los Angeles,DHL,2023-12-19,Dec 2023,2023-12-21,Dec 2023,10.10,42.45,Delivered,169,2,valid,,,
SH10313,Warehouse_ATL,Seattle,Amazon Logistics,2023-12-19,Dec 2023,2023-12-21,Dec 2023,20.40,44.83,Lost,135,2,valid,,,
SH11340,Warehouse_ATL,Boston,USPS,2023-12-19,Dec 2023,2023-12-24,Dec 2023,80.10,423.48,Lost,2412,5,valid,,,
SH10477,Warehouse_CHI,Phoenix,DHL,2023-12-20,Dec 2023,2024-01-06,Jan 2024,17.90,373.80,Delayed,1998,5,valid,,,
SH11555,Warehouse_SF,Houston,DHL,2023-12-20,Dec 2023,2023-12-27,Dec 2023,10.50,81.73,Delayed,397,2,valid,,,
SH10188,Warehouse_SEA,San Francisco,OnTrac,2023-12-20,Dec 2023,2023-12-26,Dec 2023,7.50,158.02,Delivered,1073,6,valid,,,
SH11147,Warehouse_CHI,Seattle,USPS,2023-12-20,Dec 2023,2023-12-25,Dec 2023,29.90,233.47,Delivered,1576,5,valid,,,
SH11422,Warehouse_SEA,New York,DHL,2023-12-20,Dec 2023,2023-12-26,Dec 2023,6.60,289.77,Delivered,1656,6,valid,,,
SH11574,Warehouse_DEN,Denver,OnTrac,2023-12-20,Dec 2023,2023-12-22,Dec 2023,6.80,30.04,Delivered,152,2,valid,,,
SH11575,Warehouse_DEN,Phoenix,FedEx,2023-12-20,Dec 2023,2023-12-21,Dec 2023,34.70,86.21,Delivered,224,1,valid,,,
SH11855,Warehouse_NYC,Dallas,Amazon Logistics,2023-12-21,Dec 2023,2024-01-08,Jan 2024,16.00,158.75,Delayed,1052,7,valid,,,
SH11611,Warehouse_ATL,Denver,UPS,2023-12-21,Dec 2023,2023-12-22,Dec 2023,17.30,70.13,Delivered,250,1,valid,,,
SH11891,Warehouse_LA,New York,OnTrac,2023-12-21,Dec 2023,2023-12-26,Dec 2023,66.30,337.55,In Transit,1743,5,valid,,,
SH10559,Warehouse_SF,Dallas,FedEx,2023-12-21,Dec 2023,2023-12-25,Dec 2023,41.00,324.91,Returned,1764,4,valid,,,
SH10489,Warehouse_NYC,Miami,FedEx,2023-12-22,Dec 2023,2023-12-26,Dec 2023,53.20,204.86,Delivered,829,4,valid,,,
SH10781,Warehouse_SF,Dallas,LaserShip,2023-12-22,Dec 2023,2023-12-26,Dec 2023,22.30,223.83,Delivered,1234,4,valid,,,
SH11090,Warehouse_LA,Detroit,DHL,2023-12-22,Dec 2023,2023-12-25,Dec 2023,17.50,100.77,Delivered,427,3,valid,,,
SH11609,Warehouse_NYC,Phoenix,FedEx,2023-12-22,Dec 2023,2023-12-27,Dec 2023,12.60,367.26,Delivered,2151,5,valid,,,
SH11035,Warehouse_BOS,New York,OnTrac,2023-12-23,Dec 2023,2024-01-01,Jan 2024,15.20,261.44,Delayed,1561,3,valid,,,
SH10133,Warehouse_NYC,Atlanta,UPS,2023-12-23,Dec 2023,2023-12-26,Dec 2023,26.40,186.75,Delivered,870,3,valid,,,
SH10217,Warehouse_ATL,Dallas,FedEx,2023-12-23,Dec 2023,2023-12-26,Dec 2023,11.90,192.63,Delivered,1204,3,valid,,,
SH10384,Warehouse_LA,Detroit,USPS,2023-12-23,Dec 2023,2023-12-24,Dec 2023,6.40,78.84,Delivered,534,1,valid,,,
SH10658,Warehouse_LA,Dallas,Amazon Logistics,2023-12-23,Dec 2023,2023-12-30,Dec 2023,67.30,275.71,Delivered,1435,7,valid,,,
SH11033,Warehouse_NYC,Phoenix,OnTrac,2023-12-23,Dec 2023,2023-12-25,Dec 2023,20.20,82.02,Delivered,426,2,valid,,,
SH11054,Warehouse_DEN,Houston,LaserShip,2023-12-23,Dec 2023,2023-12-27,Dec 2023,4.30,218.11,Delivered,1565,4,valid,,,
SH11536,Warehouse_SF,San Francisco,DHL,2023-12-24,Dec 2023,2024-01-08,Jan 2024,14.80,137.77,Delayed,655,4,valid,,,
SH10232,Warehouse_HOU,Houston,OnTrac,2023-12-24,Dec 2023,2023-12-27,Dec 2023,22.20,81.13,Delivered,397,3,valid,,,
SH10261,Warehouse_HOU,Detroit,DHL,2023-12-24,Dec 2023,2023-12-28,Dec 2023,39.20,159.90,Delivered,605,4,valid,,,
SH10895,Warehouse_CHI,Denver,UPS,2023-12-24,Dec 2023,2023-12-26,Dec 2023,28.70,188.12,Delivered,1000,2,valid,,,
SH11468,Warehouse_CHI,Denver,USPS,2023-12-24,Dec 2023,,,10.70,152.15,Delivered,1000,3,invalid,,,
SH11897,Warehouse_HOU,Seattle,Amazon Logistics,2023-12-24,Dec 2023,2023-12-29,Dec 2023,13.70,328.21,Delivered,2225,5,valid,,,
SH10854,Warehouse_DEN,Los Angeles,FedEx,2023-12-24,Dec 2023,2023-12-28,Dec 2023,7.20,340.75,Returned,2010,4,valid,,,
SH10886,Warehouse_DEN,New York,USPS,2023-12-25,Dec 2023,2024-01-06,Jan 2024,24.80,54.10,Delayed,118,1,valid,,,
SH11060,Warehouse_NYC,Houston,DHL,2023-12-25,Dec 2023,2024-01-03,Jan 2024,9.30,223.05,Delayed,1331,3,valid,,,
SH10808,Warehouse_SEA,Phoenix,FedEx,2023-12-25,Dec 2023,2024-01-03,Jan 2024,14.10,430.99,Delivered,2363,9,valid,,,
SH11125,Warehouse_DEN,New York,DHL,2023-12-25,Dec 2023,2023-12-29,Dec 2023,14.30,256.96,Delivered,1446,4,valid,,,
SH11304,Warehouse_NYC,Miami,USPS,2023-12-25,Dec 2023,2023-12-30,Dec 2023,12.30,325.51,Delivered,2145,5,valid,,,
SH11519,Warehouse_DEN,Portland,LaserShip,2023-12-25,Dec 2023,2023-12-26,Dec 2023,22.30,,Delivered,148,1,valid,,,
SH11833,Warehouse_MIA,Denver,LaserShip,2023-12-25,Dec 2023,2023-12-30,Dec 2023,20.40,281.08,Delivered,1809,5,valid,,,
SH11179,Warehouse_NYC,Chicago,DHL,2023-12-26,Dec 2023,2024-01-12,Jan 2024,13.40,137.91,Delayed,790,4,valid,,,
SH11746,Warehouse_LA,Seattle,USPS,2023-12-26,Dec 2023,2024-01-03,Jan 2024,46.80,230.72,Delayed,1135,3,valid,,,
SH10515,Warehouse_HOU,Portland,LaserShip,2023-12-26,Dec 2023,2023-12-27,Dec 2023,24.10,79.56,Delivered,267,1,valid,,,
SH11171,Warehouse_HOU,Atlanta,UPS,2023-12-26,Dec 2023,2023-12-29,Dec 2023,4.70,116.83,Delivered,800,3,valid,,,
SH11787,Warehouse_DEN,Phoenix,Amazon Logistics,2023-12-26,Dec 2023,2023-12-29,Dec 2023,22.50,199.07,Delivered,1226,3,valid,,,
SH11825,Warehouse_HOU,Seattle,Amazon Logistics,2023-12-27,Dec 2023,2024-01-08,Jan 2024,16.70,336.83,Delayed,2305,8,valid,,,
SH10995,Warehouse_BOS,Boston,OnTrac,2023-12-27,Dec 2023,2023-12-31,Dec 2023,8.00,211.44,Delivered,1257,4,valid,,,
SH11365,Warehouse_SEA,Los Angeles,Amazon Logistics,2023-12-27,Dec 2023,2023-12-31,Dec 2023,12.70,208.88,Delivered,1413,4,valid,,,
SH11473,Warehouse_MIA,Los Angeles,OnTrac,2023-12-27,Dec 2023,2024-01-01,Jan 2024,14.80,318.26,Delivered,2212,5,valid,,,
SH11668,Warehouse_DEN,Denver,FedEx,2023-12-27,Dec 2023,2023-12-30,Dec 2023,13.60,166.26,In Transit,834,3,valid,,,
SH10941,Warehouse_NYC,Minneapolis,FedEx,2023-12-28,Dec 2023,2024-01-07,Jan 2024,11.80,345.46,Delayed,1958,5,valid,,,
SH10013,Warehouse_NYC,Phoenix,UPS,2023-12-28,Dec 2023,2024-01-03,Jan 2024,20.70,272.48,Delivered,1574,6,valid,,,
SH10200,Warehouse_LA,Portland,LaserShip,2023-12-28,Dec 2023,2024-01-03,Jan 2024,9.60,195.30,Delivered,1380,6,valid,,,
SH10248,Warehouse_HOU,Seattle,UPS,2023-12-28,Dec 2023,2023-12-30,Dec 2023,32.70,97.49,Delivered,302,2,valid,,,
SH10355,Warehouse_MIA,San Francisco,DHL,2023-12-28,Dec 2023,2024-01-01,Jan 2024,31.20,274.73,Delivered,1415,4,valid,,,
SH10498,Warehouse_DEN,Houston,Amazon Logistics,2023-12-28,Dec 2023,2023-12-30,Dec 2023,9.00,149.84,Delivered,1002,2,valid,,,
SH10504,Warehouse_MIA,Detroit,LaserShip,2023-12-28,Dec 2023,2024-01-01,Jan 2024,26.90,260.40,Delivered,1433,4,valid,,,
SH11508,Warehouse_DEN,Phoenix,OnTrac,2023-12-28,Dec 2023,2024-01-02,Jan 2024,6.80,343.72,Delivered,2246,5,valid,,,
SH11534,Warehouse_SF,Minneapolis,Amazon Logistics,2023-12-28,Dec 2023,2024-01-01,Jan 2024,10.30,164.78,Lost,1034,4,valid,,,
SH10042,Warehouse_NYC,Los Angeles,USPS,2023-12-29,Dec 2023,2024-01-01,Jan 2024,37.80,129.73,Delivered,660,3,valid,,,
SH11119,Warehouse_BOS,Seattle,USPS,2023-12-29,Dec 2023,2024-01-04,Jan 2024,6.70,88.73,Delivered,627,6,valid,,,
SH11321,Warehouse_DEN,San Francisco,FedEx,2023-12-29,Dec 2023,2024-01-02,Jan 2024,17.20,226.51,Delivered,1179,4,valid,,,
SH11329,Warehouse_SEA,Houston,OnTrac,2023-12-29,Dec 2023,2024-01-01,Jan 2024,14.20,109.64,Delivered,656,3,valid,,,
SH11377,Warehouse_ATL,Boston,FedEx,2023-12-29,Dec 2023,2024-01-01,Jan 2024,26.80,120.06,Delivered,505,3,valid,,,
SH11944,Warehouse_LA,New York,UPS,2023-12-29,Dec 2023,2024-01-04,Jan 2024,15.90,329.11,Delivered,1899,6,valid,,,
SH10027,Warehouse_DEN,Boston,USPS,2023-12-30,Dec 2023,2024-01-05,Jan 2024,10.10,309.59,Delayed,1986,5,valid,,,
SH10026,Warehouse_DEN,Miami,UPS,2023-12-30,Dec 2023,2024-01-01,Jan 2024,8.70,73.52,Delivered,386,2,valid,,,
SH10749,Warehouse_SEA,Miami,LaserShip,2023-12-30,Dec 2023,2024-01-06,Jan 2024,11.60,264.50,Delivered,1614,7,valid,,,
SH11043,Warehouse_ATL,Portland,UPS,2023-12-30,Dec 2023,2023-12-31,Dec 2023,19.90,66.41,Delivered,229,1,valid,,,
SH11202,Warehouse_DEN,Atlanta,FedEx,2023-12-30,Dec 2023,2024-01-02,Jan 2024,19.00,153.23,Delivered,850,3,valid,,,
SH11451,Warehouse_NYC,San Francisco,USPS,2023-12-30,Dec 2023,2024-01-06,Jan 2024,6.40,256.19,Delivered,2003,7,valid,,,
SH10722,Warehouse_SF,San Francisco,USPS,2023-12-31,Dec 2023,2024-01-05,Jan 2024,23.20,295.97,Delivered,2164,5,valid,,,
SH10926,Warehouse_SF,Denver,OnTrac,2023-12-31,Dec 2023,2024-01-02,Jan 2024,39.70,130.73,Delivered,468,2,valid,,,
SH11003,Warehouse_MIA,Los Angeles,Amazon Logistics,2023-12-31,Dec 2023,2024-01-05,Jan 2024,11.70,108.46,Delivered,612,5,valid,,,
SH11305,Warehouse_HOU,Minneapolis,OnTrac,2023-12-31,Dec 2023,2024-01-05,Jan 2024,55.70,335.88,Delivered,1737,5,valid,,,
SH11393,Warehouse_LA,Dallas,OnTrac,2023-12-31,Dec 2023,2024-01-03,Jan 2024,88.00,322.10,Delivered,1435,3,valid,,,
SH11459,Warehouse_SEA,Detroit,Amazon Logistics,2023-12-31,Dec 2023,2024-01-02,Jan 2024,12.10,163.06,Delivered,1097,2,valid,,,
SH11625,Warehouse_LA,Miami,Amazon Logistics,2023-12-31,Dec 2023,2024-01-04,Jan 2024,37.00,306.42,Delivered,1658,4,valid,,,
SH11722,Warehouse_HOU,Boston,LaserShip,2023-12-31,Dec 2023,2024-01-05,Jan 2024,27.40,392.67,Delivered,2353,5,valid,,,
SH11145,Warehouse_MIA,Los Angeles,OnTrac,2023-12-31,Dec 2023,2024-01-08,Jan 2024,44.80,183.23,In Transit,716,8,valid,,,
,,,,,,,,,,,,,,,,
,,,,,,,,,,,,,,,,
,,,,,,,,,401911.57,,2551736,,,,,
